Branch ID,Employee Count,Type of Branch,Location type,Region
FUR-BO-10001798,14,Traditional-upgraded,Metro,South
FUR-CH-10000454,11,Traditional-upgraded,Urban,West
OFF-LA-10000240,13,Traditional,Metro,South
FUR-TA-10000577,9,Digi-Smart,Urban,West
OFF-ST-10000760,11,Digi-Smart,Urban,South
FUR-FU-10001487,12,Traditional-upgraded,Urban,West
OFF-AR-10002833,7,Traditional,Urban,Central
TEC-PH-10002275,5,Traditional,Rural,Central
OFF-BI-10003910,7,Digi-Smart,Urban,West
OFF-AP-10002892,11,Traditional-upgraded,Rural,West
FUR-TA-10001539,6,Digi-Smart,Rural,Central
TEC-PH-10002033,17,Digi-Smart,Metro,East
OFF-PA-10002365,16,Traditional,Urban,West
OFF-BI-10003656,16,Traditional,Metro,West
OFF-AP-10002311,12,Digi-Smart,Metro,East
OFF-BI-10000756,6,Traditional,Rural,Central
OFF-ST-10004186,16,Traditional,Metro,Central
OFF-ST-10000107,15,Traditional,Metro,Central
OFF-AR-10003056,14,Traditional,Metro,Central
TEC-PH-10001949,13,Traditional-upgraded,Urban,West
OFF-BI-10002215,5,Traditional-upgraded,Rural,South
OFF-AR-10000246,14,Digi-Smart,Urban,Central
OFF-AP-10001492,14,Traditional-upgraded,Urban,Central
FUR-CH-10002774,10,Traditional,Metro,East
OFF-BI-10001634,5,Traditional,Rural,Central
TEC-AC-10003027,15,Traditional,Metro,East
FUR-BO-10004834,11,Traditional,Rural,East
OFF-BI-10000474,12,Digi-Smart,Urban,West
FUR-FU-10004848,7,Digi-Smart,Urban,Central
OFF-EN-10001509,11,Traditional-upgraded,Metro,West
OFF-AR-10004042,16,Digi-Smart,Metro,South
OFF-BI-10001525,10,Traditional-upgraded,Urban,East
OFF-AR-10001683,16,Traditional,Metro,South
OFF-PA-10000249,16,Traditional-upgraded,Urban,Central
TEC-PH-10004977,5,Digi-Smart,Rural,South
FUR-FU-10003664,10,Traditional,Urban,West
OFF-EN-10002986,10,Digi-Smart,Rural,South
FUR-BO-10002545,14,Traditional,Metro,Central
FUR-CH-10004218,16,Digi-Smart,Metro,Central
TEC-PH-10000486,11,Digi-Smart,Urban,Central
TEC-PH-10004093,13,Traditional,Metro,West
OFF-ST-10003479,16,Traditional,Metro,Central
OFF-ST-10003282,14,Traditional,Metro,West
TEC-AC-10000171,5,Digi-Smart,Urban,East
OFF-BI-10003291,15,Traditional,Metro,West
OFF-ST-10001713,6,Digi-Smart,Rural,Central
TEC-AC-10002167,16,Digi-Smart,Metro,Central
TEC-PH-10003988,13,Digi-Smart,Metro,Central
OFF-BI-10004410,7,Digi-Smart,Rural,West
OFF-LA-10002762,15,Digi-Smart,Urban,South
FUR-FU-10001706,8,Digi-Smart,Urban,Central
FUR-CH-10003061,9,Digi-Smart,Metro,East
OFF-FA-10000304,17,Digi-Smart,Metro,Central
TEC-PH-10002447,7,Traditional,Urban,East
OFF-ST-10000604,5,Digi-Smart,Rural,West
OFF-PA-10001569,13,Digi-Smart,Urban,South
FUR-CH-10003968,7,Traditional-upgraded,Urban,East
OFF-PA-10000587,7,Traditional,Urban,Central
OFF-BI-10001460,15,Traditional-upgraded,Metro,Central
OFF-AR-10001868,8,Digi-Smart,Urban,West
TEC-AC-10004633,16,Digi-Smart,Metro,West
OFF-BI-10001078,8,Traditional-upgraded,Urban,East
OFF-PA-10003892,16,Traditional-upgraded,Metro,West
FUR-FU-10000397,16,Traditional-upgraded,Urban,East
FUR-CH-10001146,13,Digi-Smart,Metro,West
OFF-AR-10002671,16,Digi-Smart,Metro,Central
TEC-PH-10002726,7,Digi-Smart,Urban,West
OFF-PA-10000482,6,Digi-Smart,Urban,East
OFF-BI-10004654,11,Digi-Smart,Metro,Central
OFF-PA-10004675,14,Traditional-upgraded,Metro,West
FUR-CH-10000513,11,Digi-Smart,Urban,West
FUR-FU-10003708,13,Digi-Smart,Rural,West
OFF-ST-10004123,6,Traditional,Urban,West
OFF-BI-10004182,15,Traditional,Urban,Central
FUR-FU-10000260,17,Traditional,Urban,West
OFF-ST-10000615,10,Traditional,Rural,East
FUR-FU-10003194,14,Traditional,Urban,West
OFF-AP-10002118,8,Traditional,Rural,West
OFF-BI-10002309,13,Digi-Smart,Metro,Central
OFF-AR-10002053,11,Traditional-upgraded,Rural,West
OFF-ST-10002370,5,Traditional-upgraded,Urban,Central
OFF-EN-10000927,6,Digi-Smart,Rural,Central
OFF-ST-10003656,12,Traditional,Urban,East
FUR-CH-10000863,9,Traditional-upgraded,Urban,Central
TEC-AC-10001998,15,Traditional-upgraded,Urban,South
OFF-LA-10000134,14,Traditional-upgraded,Urban,East
OFF-ST-10003442,10,Traditional-upgraded,Rural,West
OFF-AR-10004930,6,Traditional-upgraded,Urban,Central
OFF-PA-10000304,14,Digi-Smart,Urban,East
OFF-PA-10003177,6,Digi-Smart,Rural,West
FUR-FU-10003799,16,Traditional,Urban,East
OFF-BI-10002852,7,Digi-Smart,Urban,East
OFF-BI-10004738,7,Traditional,Urban,East
FUR-FU-10000629,10,Digi-Smart,Metro,East
OFF-BI-10001721,11,Traditional,Urban,West
OFF-AP-10000358,12,Traditional,Metro,Central
OFF-PA-10003256,5,Traditional-upgraded,Rural,South
TEC-AC-10001767,5,Traditional,Rural,West
OFF-BI-10002609,17,Traditional,Urban,Central
OFF-PA-10004040,6,Traditional,Urban,Central
TEC-AC-10001552,8,Traditional,Urban,East
FUR-FU-10004006,11,Traditional-upgraded,Rural,West
OFF-BI-10002794,10,Digi-Smart,Rural,East
TEC-AC-10003499,6,Traditional,Rural,Central
TEC-PH-10002844,11,Digi-Smart,Rural,South
OFF-AR-10000390,15,Traditional-upgraded,Metro,South
TEC-AC-10000844,7,Digi-Smart,Rural,West
FUR-FU-10001934,9,Digi-Smart,Urban,Central
OFF-AR-10000380,11,Digi-Smart,Rural,Central
OFF-BI-10003981,10,Traditional,Urban,West
OFF-FA-10000621,16,Traditional-upgraded,Urban,West
OFF-EN-10002600,17,Digi-Smart,Urban,East
OFF-PA-10004965,12,Digi-Smart,Metro,Central
OFF-EN-10002504,8,Digi-Smart,Rural,East
FUR-TA-10001768,7,Traditional,Rural,Central
OFF-BI-10003650,15,Traditional,Urban,Central
FUR-FU-10002157,14,Digi-Smart,Metro,Central
OFF-ST-10000777,13,Traditional,Rural,West
OFF-EN-10002500,16,Digi-Smart,Metro,South
TEC-PH-10003875,14,Traditional,Metro,East
FUR-CH-10004063,5,Traditional,Urban,West
FUR-TA-10004534,6,Traditional,Rural,West
OFF-BI-10003274,12,Traditional,Urban,East
OFF-ST-10002974,6,Digi-Smart,Urban,West
FUR-FU-10003773,9,Traditional-upgraded,Urban,South
TEC-PH-10002293,8,Digi-Smart,Rural,East
OFF-PA-10002377,7,Traditional-upgraded,Rural,West
OFF-FA-10002780,13,Traditional,Metro,East
OFF-PA-10001804,14,Digi-Smart,Urban,East
OFF-PA-10001736,5,Digi-Smart,Rural,South
OFF-AR-10001149,17,Traditional-upgraded,Urban,West
OFF-FA-10002988,9,Traditional,Rural,East
OFF-BI-10004781,7,Traditional,Rural,South
OFF-SU-10001218,8,Digi-Smart,Urban,East
OFF-AR-10000940,9,Traditional,Rural,East
OFF-EN-10004030,11,Digi-Smart,Rural,West
OFF-PA-10004327,16,Traditional-upgraded,Metro,West
OFF-AP-10001058,14,Traditional,Urban,South
FUR-FU-10000521,14,Traditional-upgraded,Metro,East
TEC-PH-10000215,15,Digi-Smart,Urban,East
TEC-PH-10001448,13,Traditional-upgraded,Urban,West
OFF-BI-10002735,15,Traditional,Metro,West
OFF-AP-10000326,14,Traditional,Metro,West
TEC-PH-10001254,16,Traditional,Metro,East
OFF-PA-10001950,9,Traditional,Rural,East
OFF-PA-10002254,8,Traditional,Urban,East
OFF-ST-10001590,12,Traditional,Metro,South
OFF-AR-10001547,12,Traditional,Metro,East
OFF-LA-10002475,14,Traditional,Urban,West
TEC-PH-10004536,8,Traditional,Urban,East
OFF-PA-10002751,7,Digi-Smart,Urban,Central
TEC-AC-10003657,10,Digi-Smart,Rural,West
OFF-EN-10001990,5,Digi-Smart,Urban,Central
OFF-BI-10004002,8,Digi-Smart,Urban,East
OFF-AR-10004441,5,Traditional,Rural,Central
TEC-MA-10000822,14,Digi-Smart,Metro,West
OFF-ST-10000991,17,Traditional-upgraded,Metro,Central
FUR-CH-10004287,8,Traditional,Rural,South
OFF-AR-10002656,13,Traditional,Metro,East
OFF-AP-10002518,16,Traditional,Metro,East
TEC-PH-10003931,15,Traditional,Urban,East
OFF-PA-10000659,5,Traditional,Rural,West
OFF-PA-10001144,5,Digi-Smart,Rural,Central
FUR-CH-10003817,8,Digi-Smart,Urban,West
OFF-AP-10000891,6,Traditional,Rural,East
OFF-LA-10003148,11,Digi-Smart,Metro,Central
OFF-AP-10002684,15,Digi-Smart,Metro,South
FUR-CH-10004698,7,Traditional,Urban,East
OFF-SU-10002189,17,Digi-Smart,Metro,West
OFF-AR-10001940,17,Traditional-upgraded,Metro,West
OFF-ST-10003455,11,Digi-Smart,Metro,West
TEC-AC-10004659,12,Traditional-upgraded,Urban,West
TEC-PH-10003273,6,Traditional,Rural,East
TEC-PH-10004896,13,Traditional-upgraded,Urban,South
TEC-AC-10002345,12,Traditional,Metro,East
OFF-BI-10001890,11,Digi-Smart,Urban,Central
TEC-AC-10002323,6,Traditional,Rural,South
OFF-ST-10001328,5,Traditional,Rural,South
FUR-BO-10002613,14,Digi-Smart,Metro,Central
TEC-PH-10001552,13,Traditional,Metro,Central
OFF-PA-10000061,16,Digi-Smart,Metro,Central
OFF-AR-10003514,10,Traditional-upgraded,Urban,East
OFF-AR-10004685,9,Traditional,Urban,East
OFF-AR-10004027,14,Digi-Smart,Metro,West
OFF-ST-10001414,16,Traditional-upgraded,Urban,West
OFF-BI-10000343,13,Traditional,Metro,Central
OFF-PA-10002749,14,Traditional,Metro,East
OFF-PA-10002666,6,Traditional,Urban,West
FUR-TA-10004289,8,Digi-Smart,Urban,East
OFF-AP-10003622,14,Traditional,Urban,East
OFF-AP-10003217,10,Digi-Smart,Urban,West
FUR-FU-10002960,13,Traditional-upgraded,Metro,East
TEC-PH-10001918,7,Traditional-upgraded,Rural,West
OFF-ST-10000642,5,Digi-Smart,Rural,Central
TEC-PH-10001700,5,Traditional,Rural,Central
OFF-FA-10000134,17,Traditional,Metro,East
OFF-ST-10001522,15,Traditional,Metro,West
TEC-AC-10001266,15,Traditional,Metro,South
OFF-LA-10004544,6,Digi-Smart,Rural,South
FUR-BO-10004695,12,Digi-Smart,Rural,West
TEC-MA-10000864,15,Traditional,Urban,South
TEC-AC-10000109,8,Traditional,Rural,Central
TEC-PH-10002563,6,Traditional,Rural,West
OFF-FA-10000585,16,Traditional,Metro,Central
OFF-PA-10004000,11,Traditional,Metro,Central
FUR-FU-10000087,16,Traditional-upgraded,Metro,East
TEC-MA-10001148,5,Digi-Smart,Rural,South
OFF-AR-10001958,13,Digi-Smart,Metro,East
OFF-AR-10001026,15,Digi-Smart,Urban,West
FUR-TA-10003748,8,Traditional-upgraded,Rural,West
OFF-ST-10002485,6,Digi-Smart,Rural,South
FUR-CH-10004860,12,Digi-Smart,Urban,West
FUR-CH-10004477,16,Digi-Smart,Metro,Central
OFF-BI-10001679,11,Digi-Smart,Urban,South
FUR-TA-10001705,10,Traditional-upgraded,Urban,Central
FUR-TA-10003473,14,Traditional,Metro,East
FUR-FU-10004017,17,Digi-Smart,Urban,East
TEC-AC-10003832,9,Traditional,Rural,West
OFF-PA-10002479,12,Traditional,Urban,Central
OFF-PA-10003349,5,Traditional,Urban,South
FUR-FU-10000576,9,Traditional-upgraded,Urban,West
FUR-FU-10004351,6,Traditional-upgraded,Rural,West
TEC-PH-10000011,8,Traditional-upgraded,Urban,South
FUR-TA-10002607,13,Digi-Smart,Metro,West
FUR-FU-10002505,7,Digi-Smart,Rural,West
OFF-ST-10002276,15,Digi-Smart,Metro,West
OFF-PA-10004082,16,Traditional-upgraded,Urban,East
OFF-AP-10002945,11,Traditional-upgraded,Metro,West
FUR-CH-10002965,6,Digi-Smart,Urban,West
OFF-PA-10004569,13,Traditional,Metro,Central
OFF-ST-10001228,6,Traditional,Urban,West
OFF-EN-10003296,16,Digi-Smart,Urban,West
OFF-ST-10004804,8,Traditional,Rural,South
TEC-PH-10001580,6,Traditional,Rural,West
TEC-AC-10000290,8,Traditional,Rural,Central
OFF-ST-10002790,13,Traditional-upgraded,Urban,West
OFF-BI-10003460,10,Digi-Smart,Rural,East
OFF-AP-10002203,6,Digi-Smart,Rural,East
TEC-MA-10003353,15,Digi-Smart,Urban,South
TEC-PH-10001433,7,Traditional,Rural,East
TEC-AC-10004469,17,Traditional-upgraded,Urban,Central
OFF-AR-10003602,9,Traditional,Urban,East
OFF-FA-10003472,10,Traditional,Urban,East
OFF-ST-10004180,12,Traditional-upgraded,Rural,East
OFF-EN-10004386,12,Traditional-upgraded,Urban,Central
OFF-ST-10003208,5,Digi-Smart,Urban,Central
TEC-AC-10003628,12,Traditional,Metro,East
FUR-FU-10003274,12,Traditional,Metro,West
OFF-BI-10002557,12,Traditional,Urban,West
OFF-PA-10002615,11,Digi-Smart,Rural,South
OFF-AR-10001427,8,Digi-Smart,Rural,West
OFF-PA-10000673,5,Traditional,Urban,Central
OFF-PA-10004470,11,Traditional,Rural,West
OFF-ST-10000876,14,Traditional,Metro,Central
OFF-LA-10002043,16,Traditional,Urban,Central
OFF-BI-10004967,6,Digi-Smart,Rural,West
TEC-PH-10001760,16,Traditional-upgraded,Metro,East
FUR-TA-10002903,10,Traditional,Urban,East
OFF-PA-10000474,15,Traditional-upgraded,Metro,Central
TEC-AC-10001956,11,Traditional,Urban,East
OFF-PA-10004100,17,Traditional,Metro,Central
OFF-BI-10000778,9,Traditional,Rural,East
OFF-SU-10000646,9,Traditional-upgraded,Rural,Central
OFF-FA-10002983,12,Traditional,Metro,Central
OFF-LA-10004689,12,Traditional,Metro,East
TEC-AC-10002001,16,Traditional,Metro,South
FUR-BO-10004709,9,Digi-Smart,Rural,South
FUR-FU-10004091,17,Traditional,Metro,East
FUR-CH-10001891,7,Traditional-upgraded,Urban,South
FUR-FU-10002918,9,Digi-Smart,Urban,West
OFF-BI-10004593,12,Digi-Smart,Urban,East
OFF-FA-10004854,7,Digi-Smart,Urban,West
OFF-PA-10002105,15,Traditional-upgraded,Metro,South
OFF-ST-10002756,15,Digi-Smart,Metro,East
OFF-PA-10004243,12,Traditional-upgraded,Metro,East
FUR-FU-10001861,10,Digi-Smart,Metro,South
OFF-BI-10002706,17,Digi-Smart,Metro,East
FUR-TA-10002533,10,Traditional-upgraded,Urban,East
FUR-FU-10002671,15,Digi-Smart,Urban,West
OFF-AR-10003651,11,Digi-Smart,Urban,West
OFF-BI-10001072,11,Traditional,Metro,East
OFF-AR-10002135,8,Digi-Smart,Rural,South
OFF-AR-10002804,12,Digi-Smart,Urban,Central
FUR-FU-10001918,12,Traditional,Metro,East
FUR-CH-10004086,14,Digi-Smart,Metro,West
FUR-FU-10001756,12,Traditional,Urban,Central
OFF-LA-10000634,6,Traditional,Urban,Central
FUR-FU-10001588,8,Digi-Smart,Rural,Central
TEC-PH-10002398,11,Digi-Smart,Metro,Central
OFF-PA-10001937,16,Traditional-upgraded,Metro,West
OFF-AR-10003373,14,Traditional,Urban,Central
FUR-CH-10002602,6,Traditional,Rural,East
TEC-MA-10002927,14,Digi-Smart,Urban,Central
TEC-AC-10000892,6,Traditional,Rural,East
OFF-FA-10000624,9,Traditional,Urban,South
TEC-AC-10001908,13,Traditional-upgraded,Rural,South
FUR-FU-10001967,15,Traditional,Metro,Central
TEC-PH-10003645,6,Traditional,Urban,East
OFF-ST-10000675,14,Traditional,Metro,East
FUR-CH-10003312,9,Traditional-upgraded,Urban,West
OFF-LA-10001074,16,Traditional-upgraded,Urban,South
OFF-BI-10001524,7,Digi-Smart,Rural,West
TEC-PH-10004614,16,Traditional,Urban,Central
OFF-BI-10001153,7,Traditional,Rural,West
OFF-BI-10001982,15,Traditional,Metro,West
OFF-BI-10001922,16,Digi-Smart,Metro,South
TEC-CO-10001449,7,Traditional-upgraded,Rural,West
OFF-BI-10004140,13,Digi-Smart,Metro,West
OFF-BI-10003314,13,Traditional,Metro,Central
FUR-TA-10004575,10,Digi-Smart,Urban,East
OFF-FA-10000490,16,Traditional,Metro,West
OFF-AR-10000122,12,Digi-Smart,Metro,South
TEC-PH-10000702,5,Digi-Smart,Rural,East
OFF-AR-10001374,16,Traditional-upgraded,Urban,West
OFF-PA-10001970,11,Traditional,Urban,South
OFF-BI-10002160,12,Digi-Smart,Metro,East
OFF-BI-10004995,8,Digi-Smart,Metro,East
FUR-BO-10002268,14,Traditional,Metro,West
OFF-EN-10001137,8,Traditional,Urban,East
OFF-AR-10002399,8,Digi-Smart,Rural,East
OFF-PA-10002713,9,Traditional,Urban,West
OFF-AP-10001124,13,Digi-Smart,Urban,South
OFF-LA-10001158,9,Traditional,Rural,East
FUR-CH-10000785,15,Digi-Smart,Urban,East
OFF-AR-10003732,8,Traditional,Urban,East
FUR-FU-10000023,14,Traditional,Urban,East
OFF-BI-10002412,16,Traditional-upgraded,Metro,East
OFF-SU-10001225,12,Digi-Smart,Metro,Central
OFF-ST-10002406,13,Traditional-upgraded,Urban,East
OFF-PA-10002036,15,Traditional-upgraded,Urban,West
OFF-ST-10002205,16,Traditional-upgraded,Metro,East
TEC-AC-10003911,7,Traditional,Rural,West
OFF-AR-10000658,10,Traditional-upgraded,Urban,Central
TEC-AC-10002076,12,Digi-Smart,Metro,Central
OFF-PA-10003039,11,Digi-Smart,Urban,East
FUR-TA-10004915,7,Traditional-upgraded,Rural,East
OFF-AP-10000696,15,Digi-Smart,Urban,Central
OFF-ST-10003327,6,Traditional-upgraded,Rural,East
OFF-BI-10000309,8,Digi-Smart,Rural,Central
OFF-PA-10004734,12,Traditional,Metro,East
OFF-BI-10002225,9,Digi-Smart,Rural,East
TEC-AC-10004708,16,Traditional,Metro,East
FUR-TA-10000617,13,Traditional-upgraded,Rural,South
TEC-AC-10002335,15,Traditional-upgraded,Metro,East
TEC-MA-10001681,16,Traditional,Urban,East
FUR-FU-10001935,11,Digi-Smart,Metro,West
OFF-AR-10004757,7,Traditional,Rural,West
OFF-BI-10000050,15,Traditional-upgraded,Urban,East
TEC-PH-10003012,12,Digi-Smart,Urban,Central
TEC-CO-10002313,8,Traditional-upgraded,Metro,South
OFF-BI-10003982,6,Digi-Smart,Urban,West
OFF-BI-10004492,14,Digi-Smart,Urban,West
OFF-ST-10000798,17,Digi-Smart,Urban,West
OFF-PA-10002552,14,Traditional,Metro,South
OFF-SU-10002573,13,Digi-Smart,Metro,East
OFF-ST-10001580,16,Digi-Smart,Metro,South
OFF-ST-10000934,11,Traditional-upgraded,Urban,West
TEC-AC-10000158,12,Digi-Smart,Urban,Central
OFF-PA-10001947,13,Traditional-upgraded,Urban,Central
OFF-AR-10003478,12,Traditional,Metro,South
OFF-AP-10004249,13,Traditional,Rural,South
TEC-CO-10004115,11,Traditional,Urban,South
OFF-PA-10003724,8,Digi-Smart,Urban,West
FUR-TA-10002041,8,Traditional,Rural,West
OFF-PA-10002893,12,Traditional,Metro,West
OFF-LA-10003766,5,Traditional,Urban,West
FUR-BO-10001972,11,Digi-Smart,Urban,East
FUR-CH-10003956,6,Traditional-upgraded,Rural,West
OFF-PA-10000157,6,Traditional,Rural,East
OFF-AR-10004344,7,Traditional,Rural,East
FUR-CH-10004886,7,Traditional,Rural,West
OFF-PA-10003845,12,Traditional,Metro,South
OFF-AR-10001573,9,Traditional,Urban,Central
OFF-EN-10000483,15,Digi-Smart,Metro,East
TEC-AC-10004114,17,Digi-Smart,Metro,Central
FUR-FU-10004712,5,Traditional-upgraded,Urban,East
OFF-ST-10000918,15,Traditional-upgraded,Urban,East
FUR-CH-10000015,7,Traditional,Urban,East
FUR-FU-10003347,8,Traditional-upgraded,Metro,East
OFF-BI-10001543,6,Traditional,Urban,West
TEC-MA-10000029,17,Traditional-upgraded,Metro,Central
OFF-AR-10000369,8,Traditional-upgraded,Urban,West
OFF-BI-10004584,5,Digi-Smart,Rural,West
OFF-ST-10000617,5,Traditional,Urban,East
OFF-ST-10003306,11,Digi-Smart,Rural,West
OFF-BI-10000773,14,Digi-Smart,Metro,Central
TEC-AC-10002600,14,Digi-Smart,Metro,West
TEC-MA-10002937,13,Digi-Smart,Metro,Central
OFF-PA-10002230,11,Digi-Smart,Metro,West
FUR-CH-10003396,5,Traditional,Rural,East
FUR-FU-10000246,12,Traditional,Rural,South
OFF-ST-10000060,7,Digi-Smart,Rural,West
OFF-ST-10003058,12,Digi-Smart,Metro,West
OFF-PA-10002222,8,Digi-Smart,Urban,West
FUR-CH-10002372,10,Digi-Smart,Urban,South
OFF-LA-10001317,12,Traditional,Metro,Central
FUR-FU-10000206,15,Traditional-upgraded,Urban,Central
OFF-AR-10000588,16,Traditional,Urban,Central
OFF-ST-10001469,5,Traditional,Rural,West
OFF-AR-10001953,11,Traditional,Rural,East
OFF-AR-10003156,12,Traditional-upgraded,Urban,Central
OFF-AR-10004974,10,Traditional-upgraded,Metro,West
TEC-PH-10002365,7,Traditional,Rural,Central
OFF-ST-10000142,11,Digi-Smart,Metro,West
TEC-AC-10001772,14,Traditional,Metro,West
FUR-CH-10000225,14,Traditional,Metro,South
FUR-CH-10002331,14,Digi-Smart,Metro,East
OFF-EN-10001415,10,Digi-Smart,Rural,East
OFF-AP-10002472,15,Traditional,Metro,West
TEC-AC-10004571,11,Digi-Smart,Urban,East
OFF-BI-10001098,11,Traditional,Metro,East
FUR-TA-10001889,5,Digi-Smart,Rural,West
OFF-BI-10000315,7,Digi-Smart,Urban,South
OFF-SU-10003505,17,Digi-Smart,Metro,West
OFF-AP-10002578,16,Digi-Smart,Metro,East
FUR-BO-10002824,8,Digi-Smart,Urban,South
OFF-BI-10002194,9,Digi-Smart,Rural,South
OFF-PA-10004071,13,Digi-Smart,Urban,Central
OFF-ST-10002743,16,Traditional,Urban,West
FUR-BO-10001601,5,Traditional,Rural,South
TEC-PH-10002680,8,Traditional,Urban,Central
OFF-ST-10001321,9,Traditional,Urban,East
OFF-PA-10001509,17,Digi-Smart,Urban,East
OFF-PA-10003465,10,Traditional,Rural,West
TEC-PH-10000149,15,Traditional,Urban,West
OFF-AR-10003045,15,Traditional,Metro,Central
OFF-ST-10000689,8,Digi-Smart,Rural,South
TEC-AC-10001445,5,Traditional-upgraded,Rural,South
TEC-AC-10002567,5,Traditional,Rural,West
OFF-LA-10003923,9,Traditional,Rural,South
FUR-BO-10001337,10,Digi-Smart,Metro,East
TEC-PH-10001924,6,Traditional-upgraded,Rural,South
TEC-PH-10001363,12,Traditional-upgraded,Metro,South
TEC-PH-10000376,9,Traditional-upgraded,Rural,East
TEC-AC-10000303,7,Traditional,Rural,East
OFF-ST-10001809,11,Traditional,Metro,West
OFF-EN-10003845,11,Digi-Smart,Metro,West
TEC-AC-10000991,9,Traditional,Metro,East
FUR-TA-10001857,16,Digi-Smart,Metro,Central
OFF-EN-10001434,9,Traditional-upgraded,Urban,East
OFF-BI-10002498,9,Traditional,Urban,West
FUR-FU-10004864,7,Traditional-upgraded,Urban,East
FUR-FU-10000073,11,Digi-Smart,Metro,South
OFF-BI-10001670,6,Traditional,Rural,Central
OFF-BI-10001658,7,Traditional-upgraded,Urban,South
FUR-CH-10001215,17,Traditional,Metro,Central
OFF-BI-10000831,16,Traditional,Metro,West
OFF-PA-10000357,15,Digi-Smart,Metro,East
OFF-AR-10001662,11,Digi-Smart,Urban,West
OFF-AR-10003856,8,Traditional,Urban,West
OFF-BI-10003527,17,Digi-Smart,Metro,East
FUR-FU-10001290,11,Traditional,Urban,Central
TEC-AC-10002399,13,Digi-Smart,Metro,South
OFF-AR-10003811,11,Traditional,Metro,South
OFF-AR-10001246,16,Traditional,Urban,South
TEC-CO-10003236,11,Traditional,Rural,West
OFF-ST-10004507,16,Traditional,Metro,East
OFF-PA-10001667,16,Traditional-upgraded,Metro,West
OFF-ST-10004459,5,Traditional,Urban,Central
OFF-ST-10000736,10,Traditional-upgraded,Urban,West
OFF-BI-10000285,10,Traditional,Rural,West
TEC-PH-10003555,7,Digi-Smart,Rural,East
OFF-FA-10002815,12,Traditional-upgraded,Urban,West
FUR-CH-10003379,6,Traditional,Rural,South
OFF-ST-10004963,6,Digi-Smart,Urban,West
OFF-SU-10002881,15,Traditional,Metro,West
OFF-EN-10001335,6,Traditional,Rural,South
FUR-CH-10000595,17,Traditional-upgraded,Metro,South
FUR-FU-10000448,15,Digi-Smart,Metro,Central
TEC-PH-10000984,7,Traditional,Rural,East
OFF-ST-10001325,5,Traditional,Rural,East
OFF-BI-10002429,16,Traditional,Metro,West
OFF-BI-10004528,13,Traditional-upgraded,Metro,East
OFF-AP-10001271,11,Traditional,Metro,South
FUR-CH-10002647,11,Digi-Smart,Metro,East
TEC-AC-10001432,12,Traditional,Metro,West
TEC-PH-10002262,8,Traditional,Rural,East
TEC-AC-10001465,10,Traditional,Urban,East
TEC-PH-10002597,14,Digi-Smart,Metro,West
FUR-FU-10000723,16,Digi-Smart,Metro,Central
OFF-BI-10000404,14,Digi-Smart,Metro,West
OFF-PA-10002986,13,Traditional,Urban,East
OFF-SU-10001935,10,Traditional,Metro,East
FUR-CH-10002024,14,Traditional,Metro,West
FUR-FU-10003039,16,Traditional,Metro,Central
OFF-FA-10004248,15,Digi-Smart,Metro,West
OFF-ST-10001780,10,Traditional,Urban,West
OFF-AR-10003560,7,Traditional-upgraded,Urban,East
OFF-LA-10001297,11,Digi-Smart,Rural,East
FUR-TA-10004256,13,Digi-Smart,Metro,West
OFF-PA-10003441,10,Digi-Smart,Rural,West
OFF-BI-10000069,8,Traditional,Urban,South
OFF-AP-10003914,12,Traditional,Rural,East
FUR-FU-10004020,13,Traditional-upgraded,Urban,East
OFF-FA-10003467,13,Traditional-upgraded,Metro,West
TEC-PH-10002496,7,Traditional-upgraded,Rural,East
OFF-PA-10004530,9,Digi-Smart,Metro,East
OFF-BI-10001107,8,Traditional,Rural,Central
OFF-PA-10004451,11,Digi-Smart,Urban,Central
FUR-CH-10004997,7,Traditional-upgraded,Rural,Central
TEC-PH-10000347,14,Digi-Smart,Metro,South
OFF-AR-10003394,13,Digi-Smart,Urban,Central
OFF-PA-10001450,15,Digi-Smart,Urban,West
OFF-SU-10001574,10,Traditional-upgraded,Metro,Central
FUR-FU-10001475,11,Traditional,Urban,West
OFF-SU-10004498,13,Digi-Smart,Metro,West
TEC-PH-10000586,12,Traditional-upgraded,Metro,West
OFF-BI-10002764,7,Traditional,Urban,South
OFF-LA-10003930,8,Traditional,Rural,West
TEC-PH-10003800,15,Traditional-upgraded,Urban,East
OFF-PA-10002005,7,Traditional,Rural,Central
OFF-PA-10004101,5,Traditional,Rural,West
OFF-AR-10004078,12,Traditional-upgraded,Urban,West
OFF-AP-10004708,11,Digi-Smart,Metro,West
FUR-FU-10001979,12,Digi-Smart,Metro,West
OFF-SU-10004115,11,Traditional-upgraded,Urban,Central
TEC-PH-10001425,7,Traditional-upgraded,Urban,West
TEC-PH-10003963,8,Traditional-upgraded,Urban,South
OFF-ST-10001490,10,Traditional,Urban,West
OFF-PA-10002120,12,Digi-Smart,Urban,West
OFF-BI-10000848,9,Traditional,Rural,Central
TEC-PH-10003092,14,Traditional,Urban,East
OFF-LA-10004345,14,Traditional-upgraded,Metro,West
OFF-PA-10001204,7,Digi-Smart,Urban,West
TEC-PH-10004667,11,Digi-Smart,Metro,East
OFF-BI-10002949,5,Traditional,Rural,West
FUR-FU-10003849,5,Digi-Smart,Rural,Central
FUR-FU-10000010,13,Traditional,Metro,West
OFF-BI-10002824,6,Traditional,Rural,Central
TEC-PH-10002538,17,Traditional,Metro,South
OFF-BI-10002103,5,Traditional-upgraded,Urban,South
FUR-CH-10004853,5,Digi-Smart,Rural,Central
OFF-AP-10000179,8,Digi-Smart,Urban,Central
OFF-ST-10001272,5,Traditional,Rural,Central
FUR-FU-10000221,6,Traditional,Urban,Central
OFF-AP-10001563,15,Digi-Smart,Urban,Central
OFF-BI-10000605,16,Traditional,Urban,Central
OFF-ST-10001963,11,Digi-Smart,Rural,East
TEC-AC-10001267,8,Traditional,Urban,Central
TEC-PH-10002103,12,Traditional,Rural,South
TEC-AC-10002857,16,Traditional,Metro,South
FUR-CH-10001482,10,Traditional,Urban,South
OFF-BI-10001989,12,Traditional,Metro,South
OFF-AP-10003287,6,Traditional,Rural,West
OFF-BI-10004728,13,Traditional,Metro,West
FUR-FU-10000732,7,Digi-Smart,Rural,West
OFF-ST-10000585,15,Traditional-upgraded,Urban,West
OFF-LA-10002787,16,Digi-Smart,Urban,Central
OFF-PA-10001934,8,Traditional,Rural,South
OFF-AP-10002457,5,Traditional-upgraded,Rural,Central
OFF-FA-10003112,16,Traditional-upgraded,Metro,Central
OFF-AP-10002350,9,Digi-Smart,Urban,East
TEC-AC-10001142,7,Traditional,Urban,South
TEC-AC-10001101,15,Traditional,Urban,East
OFF-AP-10002439,10,Digi-Smart,Rural,Central
OFF-BI-10002827,8,Traditional-upgraded,Rural,West
OFF-EN-10002230,15,Traditional,Metro,East
OFF-ST-10001511,6,Digi-Smart,Rural,Central
OFF-SU-10004231,13,Digi-Smart,Metro,East
TEC-PH-10004042,11,Traditional,Urban,Central
FUR-FU-10003096,14,Traditional,Metro,West
FUR-FU-10002759,15,Traditional,Metro,Central
FUR-TA-10000688,8,Digi-Smart,Rural,South
OFF-AR-10001954,11,Traditional,Urban,East
OFF-AP-10004532,13,Traditional,Metro,Central
OFF-PA-10002137,7,Digi-Smart,Urban,East
OFF-AP-10000804,15,Digi-Smart,Metro,East
TEC-AC-10003614,5,Digi-Smart,Urban,West
FUR-FU-10003553,12,Digi-Smart,Metro,West
OFF-BI-10004632,14,Traditional,Metro,East
OFF-BI-10003305,11,Digi-Smart,Rural,East
OFF-ST-10002583,17,Digi-Smart,Urban,West
TEC-MA-10004125,7,Traditional,Rural,South
OFF-LA-10001934,6,Traditional,Urban,West
FUR-BO-10004015,15,Digi-Smart,Urban,East
FUR-FU-10004071,15,Traditional,Urban,East
OFF-ST-10002444,8,Digi-Smart,Rural,East
TEC-AC-10002253,16,Traditional,Urban,Central
OFF-PA-10000743,6,Digi-Smart,Urban,Central
OFF-LA-10002312,15,Traditional-upgraded,Metro,Central
OFF-LA-10003510,6,Traditional,Rural,West
OFF-AR-10001118,15,Traditional-upgraded,Metro,East
OFF-BI-10001575,11,Digi-Smart,Urban,West
FUR-FU-10003394,12,Traditional,Rural,West
FUR-TA-10002774,13,Traditional,Metro,South
OFF-PA-10001800,16,Digi-Smart,Metro,Central
OFF-AP-10001469,9,Traditional-upgraded,Rural,East
FUR-BO-10003272,6,Traditional,Rural,South
OFF-EN-10001219,11,Traditional,Urban,West
OFF-AP-10001154,11,Traditional,Metro,East
TEC-AC-10001606,16,Digi-Smart,Urban,West
OFF-BI-10003355,17,Traditional,Metro,Central
FUR-FU-10002253,12,Traditional-upgraded,Rural,West
OFF-PA-10004092,13,Digi-Smart,Metro,West
FUR-TA-10000198,10,Digi-Smart,Urban,West
OFF-ST-10000036,7,Traditional,Rural,West
FUR-FU-10000222,11,Traditional-upgraded,Metro,East
OFF-SU-10004664,7,Traditional,Urban,South
OFF-EN-10001141,6,Traditional,Rural,South
TEC-PH-10002170,16,Traditional,Urban,West
OFF-PA-10001954,7,Traditional,Urban,West
FUR-TA-10002228,6,Traditional,Urban,South
OFF-ST-10004634,13,Digi-Smart,Urban,West
TEC-AC-10003610,6,Digi-Smart,Rural,East
FUR-BO-10001619,17,Digi-Smart,Urban,West
OFF-BI-10000138,14,Traditional-upgraded,Urban,Central
TEC-AC-10001383,10,Traditional,Rural,East
OFF-LA-10003223,16,Digi-Smart,Metro,West
OFF-BI-10004094,7,Digi-Smart,Rural,South
OFF-PA-10004971,5,Traditional-upgraded,Rural,West
OFF-SU-10004261,12,Traditional,Urban,West
TEC-PH-10000004,6,Traditional-upgraded,Rural,East
OFF-BI-10003638,15,Digi-Smart,Urban,West
FUR-FU-10003577,8,Traditional,Urban,West
OFF-BI-10000546,12,Traditional,Urban,West
TEC-CO-10002095,14,Digi-Smart,Metro,Central
FUR-TA-10001095,11,Traditional-upgraded,Urban,East
OFF-LA-10004484,17,Digi-Smart,Metro,West
OFF-EN-10001532,5,Digi-Smart,Rural,West
TEC-AC-10003174,7,Digi-Smart,Rural,South
OFF-BI-10004187,6,Digi-Smart,Rural,West
OFF-ST-10000025,6,Traditional,Urban,East
FUR-FU-10004306,9,Digi-Smart,Metro,East
FUR-CH-10003746,5,Traditional-upgraded,Rural,Central
OFF-BI-10001036,7,Traditional,Rural,Central
OFF-BI-10000301,17,Traditional,Metro,West
OFF-AR-10004648,17,Traditional,Urban,South
FUR-FU-10002597,12,Traditional,Rural,Central
OFF-AR-10003405,9,Digi-Smart,Rural,West
FUR-CH-10002335,16,Digi-Smart,Urban,West
OFF-PA-10003657,10,Traditional,Metro,East
FUR-BO-10004409,13,Traditional-upgraded,Metro,South
TEC-AC-10000057,8,Digi-Smart,Urban,Central
OFF-EN-10000056,17,Digi-Smart,Urban,East
OFF-BI-10000014,17,Digi-Smart,Metro,South
FUR-CH-10004675,16,Traditional-upgraded,Urban,West
OFF-BI-10001132,17,Digi-Smart,Metro,West
FUR-CH-10003199,16,Traditional,Urban,Central
TEC-PH-10001530,17,Traditional,Metro,East
OFF-LA-10001569,10,Traditional,Urban,West
OFF-PA-10000176,7,Traditional,Rural,West
OFF-LA-10002271,7,Traditional,Urban,East
FUR-FU-10004090,15,Traditional,Metro,Central
OFF-AP-10000576,9,Traditional-upgraded,Metro,Central
OFF-PA-10003953,6,Traditional,Urban,West
FUR-FU-10000794,14,Digi-Smart,Metro,East
OFF-AR-10001897,14,Digi-Smart,Rural,West
TEC-PH-10001795,6,Traditional-upgraded,Rural,West
TEC-AC-10004901,11,Traditional,Metro,East
OFF-AR-10003190,13,Traditional,Urban,South
OFF-AP-10000240,10,Digi-Smart,Metro,West
TEC-AC-10001838,7,Traditional,Rural,West
OFF-PA-10003651,16,Traditional,Metro,West
OFF-BI-10003094,12,Traditional,Urban,South
FUR-CH-10001394,11,Traditional,Metro,West
OFF-BI-10004230,15,Traditional,Urban,South
OFF-PA-10003395,9,Traditional-upgraded,Metro,West
TEC-AC-10002402,12,Traditional,Metro,Central
TEC-AC-10003441,9,Traditional-upgraded,Urban,West
OFF-FA-10002280,5,Traditional,Rural,West
OFF-SU-10000381,13,Traditional,Urban,East
OFF-EN-10004459,5,Traditional,Rural,West
FUR-CH-10000665,10,Traditional,Metro,South
OFF-AP-10003884,14,Traditional,Urban,Central
TEC-PH-10001557,15,Digi-Smart,Metro,South
TEC-PH-10002085,11,Traditional,Rural,Central
OFF-AR-10002956,17,Traditional,Metro,South
OFF-AP-10003266,12,Traditional,Metro,West
TEC-MA-10004002,7,Traditional-upgraded,Urban,South
OFF-BI-10001071,8,Traditional,Rural,South
OFF-PA-10001560,5,Traditional,Rural,West
OFF-AR-10002578,15,Digi-Smart,Urban,East
FUR-BO-10001519,7,Traditional,Urban,West
OFF-BI-10001294,12,Traditional,Rural,East
OFF-BI-10001636,12,Digi-Smart,Urban,South
OFF-SU-10002503,14,Digi-Smart,Urban,East
OFF-LA-10004093,6,Traditional,Rural,West
FUR-FU-10003878,15,Digi-Smart,Metro,Central
TEC-AC-10000710,15,Traditional-upgraded,Urban,Central
OFF-AR-10002335,15,Digi-Smart,Urban,South
OFF-PA-10001870,11,Traditional,Metro,Central
OFF-PA-10001019,6,Traditional,Rural,Central
OFF-SU-10002537,16,Traditional,Metro,West
OFF-ST-10003221,8,Digi-Smart,Rural,West
OFF-AR-10003752,15,Digi-Smart,Urban,East
TEC-AC-10001714,8,Traditional,Urban,East
OFF-AR-10003958,9,Digi-Smart,Rural,East
TEC-PH-10002923,9,Traditional-upgraded,Urban,East
OFF-LA-10004272,12,Traditional,Urban,West
FUR-FU-10000965,6,Traditional,Rural,West
OFF-LA-10004853,6,Digi-Smart,Rural,Central
OFF-BI-10003719,17,Digi-Smart,Metro,Central
OFF-BI-10000545,15,Traditional-upgraded,Metro,East
OFF-PA-10003591,8,Traditional,Urban,East
OFF-PA-10001790,14,Digi-Smart,Urban,Central
TEC-AC-10002049,5,Traditional-upgraded,Urban,Central
OFF-BI-10003712,9,Traditional,Rural,East
OFF-BI-10003984,12,Traditional,Metro,Central
FUR-FU-10001424,16,Traditional,Metro,Central
OFF-BI-10002071,9,Digi-Smart,Metro,South
OFF-ST-10002486,10,Digi-Smart,Rural,South
TEC-AC-10000927,17,Traditional,Metro,West
OFF-PA-10001622,13,Digi-Smart,Metro,West
OFF-AR-10003158,6,Digi-Smart,Rural,Central
TEC-PH-10002660,12,Traditional-upgraded,Urban,South
OFF-BI-10003364,14,Traditional,Metro,East
OFF-EN-10001099,9,Traditional,Urban,East
OFF-PA-10002250,7,Traditional,Urban,South
OFF-BI-10004716,9,Digi-Smart,Rural,South
OFF-LA-10001045,17,Traditional-upgraded,Metro,Central
OFF-BI-10001510,9,Digi-Smart,Metro,Central
OFF-PA-10002947,5,Digi-Smart,Rural,South
OFF-PA-10000019,17,Traditional-upgraded,Metro,Central
FUR-BO-10003441,16,Digi-Smart,Metro,East
TEC-PH-10004774,12,Traditional-upgraded,Metro,Central
OFF-BI-10003684,10,Traditional,Rural,West
TEC-PH-10001494,7,Traditional-upgraded,Urban,East
TEC-AC-10004666,5,Traditional,Rural,East
OFF-ST-10003816,11,Traditional-upgraded,Urban,East
FUR-TA-10001520,15,Traditional,Urban,West
OFF-ST-10001558,9,Digi-Smart,Rural,South
TEC-AC-10002473,14,Digi-Smart,Metro,East
TEC-PH-10004531,6,Traditional-upgraded,Rural,South
OFF-AP-10004487,15,Digi-Smart,Metro,East
OFF-PA-10003543,15,Traditional,Metro,West
TEC-AC-10004353,16,Traditional,Urban,East
OFF-AR-10001468,8,Digi-Smart,Urban,East
OFF-PA-10002195,11,Traditional-upgraded,Rural,West
OFF-PA-10001745,5,Traditional,Rural,South
OFF-BI-10004826,16,Traditional-upgraded,Urban,Central
OFF-PA-10000289,10,Traditional,Rural,South
OFF-AP-10003040,8,Digi-Smart,Rural,East
OFF-PA-10000350,9,Traditional,Urban,Central
OFF-BI-10001759,14,Traditional,Urban,East
OFF-ST-10001496,6,Traditional,Rural,West
OFF-BI-10002931,7,Traditional,Rural,West
FUR-TA-10002356,10,Traditional,Metro,East
FUR-FU-10003601,16,Digi-Smart,Metro,Central
FUR-TA-10004154,16,Digi-Smart,Metro,Central
OFF-PA-10000788,9,Digi-Smart,Rural,Central
FUR-FU-10001940,13,Traditional,Metro,East
OFF-BI-10004465,8,Traditional,Urban,South
OFF-PA-10002333,14,Traditional,Urban,South
FUR-FU-10004188,13,Digi-Smart,Rural,West
OFF-BI-10000145,6,Traditional,Rural,West
OFF-LA-10001613,17,Traditional,Urban,West
OFF-LA-10004055,7,Digi-Smart,Urban,Central
OFF-PA-10004621,5,Traditional,Rural,West
OFF-PA-10001281,6,Digi-Smart,Rural,East
OFF-ST-10001097,15,Traditional,Metro,Central
FUR-FU-10001095,13,Digi-Smart,Urban,South
OFF-BI-10002012,13,Traditional,Metro,West
OFF-PA-10004156,15,Digi-Smart,Urban,East
OFF-AR-10000034,5,Traditional,Rural,East
TEC-PH-10000560,17,Traditional,Metro,West
OFF-EN-10000461,5,Digi-Smart,Rural,West
TEC-MA-10003066,12,Traditional,Urban,East
OFF-BI-10004022,9,Digi-Smart,Rural,West
OFF-AR-10001988,11,Digi-Smart,Metro,South
OFF-PA-10003625,15,Digi-Smart,Metro,Central
OFF-BI-10003925,11,Traditional,Rural,Central
OFF-EN-10003862,10,Traditional,Urban,West
OFF-ST-10004258,5,Digi-Smart,Rural,West
FUR-FU-10002885,9,Traditional,Urban,East
TEC-AC-10003033,11,Traditional,Urban,East
OFF-ST-10000046,16,Traditional,Metro,Central
OFF-BI-10002049,12,Digi-Smart,Urban,East
FUR-FU-10001602,8,Digi-Smart,Metro,South
OFF-ST-10003722,13,Digi-Smart,Metro,South
TEC-AC-10003198,16,Digi-Smart,Metro,South
FUR-FU-10002191,7,Traditional-upgraded,Urban,West
TEC-PH-10004188,11,Digi-Smart,Rural,East
OFF-ST-10001526,15,Traditional,Metro,Central
OFF-AR-10001166,14,Traditional-upgraded,Urban,South
FUR-CH-10000309,16,Traditional-upgraded,Urban,West
TEC-MA-10004212,7,Digi-Smart,Urban,East
OFF-EN-10003072,6,Digi-Smart,Rural,South
OFF-BI-10000320,12,Traditional,Metro,Central
OFF-PA-10001166,9,Traditional-upgraded,Rural,West
OFF-PA-10003656,8,Traditional,Urban,East
TEC-PH-10000148,13,Traditional,Metro,West
TEC-PH-10003885,12,Traditional,Urban,South
OFF-LA-10001175,11,Digi-Smart,Urban,Central
OFF-PA-10000955,15,Traditional,Metro,South
FUR-FU-10003975,10,Traditional,Urban,South
OFF-BI-10003707,7,Digi-Smart,Urban,Central
OFF-AR-10000203,16,Traditional,Urban,West
OFF-AR-10004790,16,Traditional-upgraded,Metro,East
TEC-AC-10004761,14,Digi-Smart,Metro,East
FUR-BO-10001811,17,Traditional,Metro,Central
OFF-AR-10001130,6,Digi-Smart,Rural,Central
OFF-AP-10000055,8,Traditional,Rural,East
FUR-CH-10002304,12,Traditional-upgraded,Metro,East
FUR-FU-10000293,15,Traditional,Metro,South
OFF-PA-10001307,17,Traditional,Metro,West
FUR-FU-10004460,7,Traditional-upgraded,Rural,South
OFF-AR-10000716,10,Digi-Smart,Rural,West
FUR-FU-10004622,16,Traditional-upgraded,Metro,South
OFF-BI-10003529,5,Digi-Smart,Urban,West
OFF-BI-10001097,17,Traditional,Metro,Central
OFF-BI-10001597,7,Traditional,Rural,Central
OFF-FA-10001754,12,Digi-Smart,Metro,West
OFF-FA-10004838,9,Traditional,Urban,West
TEC-PH-10002115,10,Digi-Smart,Urban,Central
OFF-FA-10003059,14,Digi-Smart,Metro,East
OFF-BI-10004330,14,Traditional,Urban,West
OFF-BI-10003669,15,Traditional,Metro,West
OFF-BI-10003727,5,Digi-Smart,Rural,East
TEC-AC-10003447,6,Traditional,Urban,Central
OFF-AR-10000255,17,Digi-Smart,Metro,Central
OFF-AP-10002191,11,Traditional-upgraded,Urban,Central
OFF-PA-10000349,12,Digi-Smart,Rural,Central
FUR-CH-10002880,7,Traditional,Rural,West
OFF-PA-10003127,5,Digi-Smart,Rural,South
TEC-MA-10003979,15,Traditional-upgraded,Metro,Central
OFF-PA-10000029,11,Traditional,Urban,Central
OFF-LA-10000452,10,Digi-Smart,Rural,East
TEC-PH-10001819,13,Traditional-upgraded,Metro,Central
OFF-AR-10002952,12,Digi-Smart,Metro,East
TEC-PH-10000576,9,Traditional,Urban,East
OFF-PA-10000605,11,Traditional,Metro,West
OFF-ST-10004340,16,Digi-Smart,Urban,Central
OFF-BI-10004001,14,Traditional-upgraded,Urban,West
FUR-TA-10004147,5,Digi-Smart,Rural,South
OFF-AR-10001545,9,Traditional,Rural,East
TEC-AC-10001013,5,Traditional,Urban,South
OFF-AR-10002255,7,Digi-Smart,Urban,Central
OFF-PA-10001892,9,Traditional,Rural,South
OFF-BI-10003676,11,Traditional-upgraded,Rural,West
OFF-FA-10003495,17,Digi-Smart,Urban,South
OFF-EN-10003798,8,Traditional-upgraded,Urban,Central
TEC-PH-10003589,12,Traditional,Metro,Central
OFF-PA-10004735,5,Digi-Smart,Rural,Central
FUR-BO-10002206,16,Digi-Smart,Urban,West
OFF-PA-10000141,8,Traditional,Rural,Central
TEC-PH-10001061,10,Traditional,Metro,West
OFF-AR-10002375,16,Digi-Smart,Urban,East
OFF-EN-10001539,12,Digi-Smart,Rural,West
FUR-TA-10004086,6,Digi-Smart,Rural,Central
OFF-PA-10000100,12,Traditional-upgraded,Urban,Central
OFF-LA-10000973,16,Traditional,Urban,Central
OFF-ST-10001476,12,Digi-Smart,Urban,West
OFF-EN-10002831,11,Digi-Smart,Metro,South
OFF-PA-10001763,12,Digi-Smart,Rural,Central
OFF-BI-10002072,10,Traditional,Rural,East
OFF-FA-10001561,11,Traditional-upgraded,Urban,Central
TEC-MA-10004241,6,Traditional,Rural,East
OFF-AP-10003849,9,Traditional,Rural,West
OFF-FA-10000735,16,Traditional,Metro,South
OFF-BI-10003350,9,Traditional-upgraded,Urban,East
TEC-PH-10000307,17,Digi-Smart,Urban,Central
TEC-CO-10004202,13,Traditional,Urban,Central
FUR-FU-10001852,7,Traditional,Urban,West
OFF-AR-10003759,9,Traditional,Urban,West
OFF-ST-10004337,15,Traditional-upgraded,Metro,East
FUR-TA-10001932,6,Traditional,Rural,West
FUR-CH-10002126,5,Traditional,Urban,East
TEC-PH-10004700,12,Traditional,Metro,West
OFF-BI-10003429,12,Digi-Smart,Metro,Central
FUR-FU-10004952,7,Digi-Smart,Urban,West
OFF-PA-10003172,15,Digi-Smart,Urban,East
OFF-ST-10002352,9,Digi-Smart,Metro,Central
OFF-PA-10002259,14,Traditional-upgraded,Metro,West
OFF-BI-10002976,16,Digi-Smart,Urban,West
OFF-BI-10003694,12,Traditional-upgraded,Urban,West
OFF-LA-10004425,6,Traditional-upgraded,Urban,West
FUR-CH-10001270,13,Traditional,Rural,Central
TEC-PH-10004539,16,Digi-Smart,Urban,West
OFF-AR-10001919,11,Digi-Smart,Urban,East
TEC-PH-10003655,12,Digi-Smart,Metro,West
OFF-BI-10004656,11,Traditional,Urban,West
OFF-ST-10002344,15,Traditional-upgraded,Metro,Central
TEC-PH-10004447,16,Traditional,Urban,West
FUR-CH-10003973,16,Traditional,Metro,Central
OFF-PA-10000682,10,Traditional,Urban,Central
FUR-FU-10002268,6,Traditional-upgraded,Urban,East
TEC-AC-10001990,14,Traditional,Urban,Central
FUR-CH-10004540,9,Digi-Smart,Metro,South
OFF-ST-10002292,13,Traditional-upgraded,Urban,East
OFF-AR-10004999,5,Digi-Smart,Rural,West
OFF-BI-10001031,5,Traditional,Urban,Central
OFF-BI-10002432,5,Traditional,Rural,East
FUR-FU-10001867,9,Digi-Smart,Urban,West
TEC-PH-10002200,13,Digi-Smart,Rural,East
TEC-PH-10000439,16,Traditional-upgraded,Metro,East
OFF-PA-10001685,12,Digi-Smart,Urban,East
OFF-ST-10001418,10,Traditional,Urban,East
OFF-ST-10000676,10,Traditional,Metro,West
OFF-AR-10001022,9,Traditional,Rural,Central
OFF-EN-10003055,11,Traditional,Metro,South
TEC-CO-10001046,9,Digi-Smart,Rural,West
FUR-FU-10000076,12,Traditional-upgraded,Urban,Central
FUR-FU-10003268,17,Traditional,Metro,Central
FUR-FU-10003691,10,Traditional-upgraded,Urban,East
OFF-AR-10003903,16,Traditional-upgraded,Metro,West
TEC-PH-10003442,17,Traditional,Urban,East
OFF-BI-10004519,8,Traditional-upgraded,Rural,Central
OFF-EN-10004955,17,Traditional,Metro,South
FUR-TA-10004619,16,Digi-Smart,Metro,South
FUR-BO-10004467,7,Digi-Smart,Urban,West
OFF-AR-10002280,7,Traditional,Urban,Central
FUR-CH-10001708,9,Traditional,Rural,Central
OFF-AR-10000462,9,Traditional,Urban,West
TEC-PH-10004165,8,Traditional,Urban,West
FUR-FU-10003724,7,Traditional,Rural,East
FUR-FU-10003535,5,Traditional,Urban,Central
OFF-ST-10003716,9,Digi-Smart,Urban,East
TEC-PH-10004586,6,Traditional-upgraded,Rural,Central
OFF-BI-10004236,17,Traditional,Metro,Central
OFF-AR-10000422,9,Traditional-upgraded,Rural,Central
OFF-PA-10002870,7,Traditional-upgraded,Rural,West
OFF-ST-10000563,16,Traditional-upgraded,Metro,South
OFF-BI-10002854,16,Traditional,Metro,East
FUR-CH-10001973,8,Traditional-upgraded,Rural,West
TEC-AC-10000580,5,Digi-Smart,Rural,West
OFF-AR-10004022,15,Traditional,Metro,East
TEC-AC-10004209,12,Traditional,Rural,West
TEC-AC-10000023,13,Traditional-upgraded,Metro,South
TEC-PH-10003505,13,Traditional-upgraded,Metro,East
OFF-LA-10000121,11,Traditional,Metro,West
OFF-BI-10002026,11,Traditional,Rural,East
OFF-PA-10000994,14,Digi-Smart,Metro,East
OFF-BI-10002813,9,Digi-Smart,Urban,South
OFF-AR-10004817,7,Traditional-upgraded,Rural,West
OFF-AR-10001860,5,Traditional,Rural,East
OFF-BI-10004970,10,Traditional,Metro,South
OFF-PA-10002968,17,Digi-Smart,Urban,East
FUR-BO-10003433,14,Traditional,Metro,East
FUR-FU-10002554,9,Traditional,Rural,West
TEC-PH-10003437,12,Traditional-upgraded,Metro,West
OFF-AP-10003971,15,Digi-Smart,Metro,South
FUR-CH-10003846,12,Traditional,Urban,East
OFF-LA-10001404,5,Digi-Smart,Rural,East
OFF-LA-10001474,9,Digi-Smart,Urban,West
OFF-PA-10003072,16,Digi-Smart,Metro,West
FUR-FU-10004960,6,Traditional,Rural,West
TEC-AC-10003116,13,Traditional,Urban,East
OFF-AP-10004859,5,Traditional,Rural,East
OFF-PA-10002659,16,Traditional,Metro,East
OFF-BI-10004139,7,Traditional,Rural,South
OFF-AR-10002818,9,Traditional-upgraded,Rural,East
OFF-AP-10001303,12,Digi-Smart,Urban,West
OFF-ST-10002574,7,Digi-Smart,Rural,East
FUR-FU-10004018,12,Traditional-upgraded,Metro,Central
TEC-PH-10002549,14,Traditional,Metro,West
OFF-PA-10004911,12,Traditional,Metro,Central
TEC-MA-10002178,13,Traditional-upgraded,Rural,East
OFF-AR-10000411,11,Digi-Smart,Urban,Central
OFF-LA-10000262,6,Digi-Smart,Rural,West
OFF-PA-10000466,10,Traditional-upgraded,Metro,Central
OFF-AR-10003829,5,Traditional-upgraded,Rural,South
OFF-BI-10001758,10,Traditional-upgraded,Metro,East
OFF-BI-10000136,7,Traditional,Rural,East
OFF-ST-10000649,13,Traditional-upgraded,Metro,East
OFF-PA-10003641,5,Traditional,Urban,West
FUR-CH-10002961,12,Traditional,Metro,Central
OFF-PA-10004041,7,Digi-Smart,Urban,West
TEC-PH-10001336,5,Traditional,Rural,East
TEC-MA-10003183,5,Traditional,Rural,Central
TEC-AC-10001314,13,Traditional,Metro,South
TEC-AC-10004510,12,Digi-Smart,Urban,East
OFF-BI-10000042,12,Traditional,Metro,West
FUR-TA-10003008,10,Traditional,Urban,West
OFF-AP-10003590,5,Traditional,Urban,West
OFF-PA-10000806,8,Digi-Smart,Rural,West
OFF-AR-10000896,8,Traditional,Rural,East
TEC-PH-10002310,17,Traditional,Metro,South
OFF-ST-10002289,14,Traditional,Metro,East
OFF-PA-10001289,8,Digi-Smart,Urban,Central
OFF-FA-10000053,12,Traditional,Rural,South
OFF-EN-10003001,8,Digi-Smart,Urban,South
FUR-TA-10002958,17,Digi-Smart,Metro,Central
FUR-TA-10001676,10,Traditional,Rural,Central
OFF-BI-10000822,5,Digi-Smart,Rural,Central
OFF-PA-10004888,9,Digi-Smart,Urban,East
FUR-TA-10002622,13,Traditional-upgraded,Rural,East
OFF-PA-10000418,16,Traditional,Urban,West
FUR-TA-10001039,10,Digi-Smart,Urban,West
OFF-AR-10002240,14,Traditional-upgraded,Metro,Central
OFF-BI-10002867,6,Traditional,Rural,East
FUR-FU-10003976,10,Digi-Smart,Urban,West
TEC-PH-10002922,16,Traditional-upgraded,Urban,East
OFF-PA-10000501,5,Digi-Smart,Rural,East
OFF-AP-10004980,8,Traditional,Rural,West
TEC-PH-10001750,16,Traditional,Metro,East
OFF-BI-10003708,13,Traditional,Metro,West
OFF-BI-10001191,13,Traditional,Metro,Central
OFF-PA-10003673,16,Traditional,Metro,Central
OFF-PA-10001639,11,Traditional,Metro,East
TEC-AC-10004975,7,Digi-Smart,Urban,West
OFF-BI-10004364,15,Traditional-upgraded,Metro,South
OFF-PA-10001712,12,Traditional-upgraded,Metro,South
FUR-CH-10004289,6,Traditional,Rural,West
TEC-PH-10002564,10,Digi-Smart,Metro,South
OFF-BI-10004876,16,Traditional-upgraded,Urban,Central
TEC-PH-10004348,9,Digi-Smart,Rural,West
OFF-BI-10004352,6,Traditional,Rural,Central
OFF-BI-10000666,14,Traditional,Metro,Central
TEC-MA-10000010,17,Traditional,Metro,East
OFF-BI-10000977,10,Traditional,Urban,South
FUR-TA-10002530,11,Digi-Smart,Urban,East
FUR-FU-10001473,14,Traditional,Urban,West
OFF-BI-10001765,6,Digi-Smart,Urban,West
FUR-CH-10000847,6,Traditional,Rural,South
OFF-PA-10001293,9,Digi-Smart,Rural,West
OFF-AR-10000634,10,Traditional,Urban,Central
FUR-FU-10004270,7,Traditional,Rural,South
OFF-AR-10003770,14,Traditional-upgraded,Metro,Central
OFF-LA-10003121,10,Traditional-upgraded,Metro,East
OFF-PA-10002262,5,Digi-Smart,Rural,East
OFF-PA-10002464,12,Traditional,Urban,West
OFF-ST-10002214,16,Traditional,Metro,Central
OFF-PA-10000130,9,Traditional,Urban,South
TEC-AC-10000865,9,Traditional,Urban,West
OFF-FA-10003021,10,Traditional,Urban,West
TEC-PH-10003580,6,Traditional,Rural,South
TEC-AC-10001109,8,Traditional,Rural,West
OFF-PA-10001838,10,Digi-Smart,Rural,West
OFF-ST-10004950,9,Traditional,Urban,West
OFF-PA-10003823,15,Digi-Smart,Metro,East
TEC-PH-10001300,10,Digi-Smart,Urban,West
FUR-TA-10003715,8,Traditional,Rural,West
TEC-MA-10004458,6,Traditional-upgraded,Rural,Central
OFF-BI-10004965,6,Traditional,Rural,West
OFF-AR-10001419,6,Traditional,Rural,West
OFF-PA-10002586,5,Digi-Smart,Urban,South
OFF-AR-10002221,13,Traditional,Metro,West
FUR-FU-10002456,5,Digi-Smart,Rural,Central
OFF-FA-10004968,17,Digi-Smart,Urban,West
OFF-PA-10001274,9,Traditional,Urban,East
OFF-PA-10001125,8,Traditional,Urban,East
OFF-ST-10000344,7,Digi-Smart,Rural,South
OFF-ST-10003324,14,Digi-Smart,Metro,East
OFF-ST-10000419,7,Traditional,Urban,Central
OFF-AP-10001626,13,Digi-Smart,Metro,East
FUR-FU-10003981,9,Traditional,Rural,East
OFF-ST-10001291,13,Digi-Smart,Metro,East
OFF-AP-10004868,12,Traditional,Urban,Central
OFF-LA-10002195,8,Digi-Smart,Rural,Central
OFF-AR-10001315,8,Traditional-upgraded,Rural,East
OFF-EN-10003134,15,Digi-Smart,Urban,West
OFF-AR-10001955,6,Digi-Smart,Rural,West
OFF-LA-10001641,17,Traditional,Urban,South
OFF-ST-10001370,12,Traditional-upgraded,Urban,West
TEC-AC-10003038,15,Digi-Smart,Urban,Central
OFF-BI-10000088,11,Traditional,Urban,West
OFF-AR-10003504,12,Traditional,Rural,Central
OFF-EN-10003160,8,Traditional,Urban,Central
TEC-AC-10003280,5,Digi-Smart,Rural,West
TEC-PH-10000169,8,Traditional-upgraded,Urban,East
OFF-PA-10001526,13,Traditional,Metro,East
OFF-AP-10004336,12,Digi-Smart,Rural,Central
OFF-PA-10001357,8,Digi-Smart,Urban,East
OFF-FA-10000992,5,Digi-Smart,Rural,Central
OFF-AR-10001221,16,Digi-Smart,Metro,East
TEC-PH-10004830,9,Digi-Smart,Urban,Central
OFF-PA-10004519,16,Digi-Smart,Urban,Central
FUR-BO-10000362,10,Traditional,Urban,East
OFF-PA-10000308,9,Traditional,Urban,South
OFF-SU-10001165,12,Traditional-upgraded,Urban,South
FUR-FU-10001488,14,Traditional,Metro,East
OFF-AR-10003251,12,Traditional-upgraded,Urban,South
OFF-AR-10001044,9,Digi-Smart,Rural,West
OFF-AR-10000823,11,Traditional-upgraded,Rural,East
OFF-AR-10004456,15,Traditional,Urban,West
OFF-BI-10000591,17,Digi-Smart,Metro,South
TEC-PH-10000441,15,Digi-Smart,Urban,East
TEC-AC-10004855,10,Traditional,Rural,East
OFF-AR-10001915,11,Digi-Smart,Urban,South
OFF-ST-10000352,12,Traditional,Urban,East
OFF-PA-10000575,12,Digi-Smart,Urban,East
FUR-FU-10002937,13,Traditional-upgraded,Metro,West
TEC-AC-10003063,14,Traditional,Metro,West
FUR-FU-10004415,16,Traditional-upgraded,Metro,East
OFF-ST-10002011,7,Digi-Smart,Urban,South
TEC-PH-10000038,10,Digi-Smart,Urban,Central
OFF-PA-10002689,14,Traditional,Metro,East
TEC-CO-10001766,7,Digi-Smart,Rural,West
OFF-PA-10004359,16,Digi-Smart,Metro,Central
OFF-FA-10001135,12,Traditional-upgraded,Metro,Central
OFF-BI-10004224,11,Traditional-upgraded,Urban,Central
TEC-PH-10003357,6,Traditional,Rural,Central
OFF-PA-10004475,15,Traditional,Metro,West
OFF-PA-10003001,7,Digi-Smart,Rural,Central
OFF-FA-10000611,6,Traditional,Urban,East
OFF-BI-10001116,7,Digi-Smart,Rural,Central
TEC-PH-10004922,7,Traditional-upgraded,Rural,East
OFF-BI-10002353,15,Traditional-upgraded,Metro,South
OFF-FA-10002676,14,Traditional,Urban,South
TEC-AC-10003023,5,Traditional-upgraded,Rural,Central
OFF-PA-10000167,6,Traditional,Urban,East
TEC-PH-10002185,16,Traditional,Metro,East
FUR-FU-10000758,13,Traditional-upgraded,Metro,West
TEC-MA-10004679,5,Traditional,Rural,South
OFF-AP-10002495,6,Traditional-upgraded,Rural,West
OFF-BI-10002414,13,Traditional,Urban,Central
TEC-AC-10003133,15,Traditional-upgraded,Metro,West
TEC-AC-10002006,10,Traditional,Rural,West
OFF-LA-10002381,17,Traditional,Metro,South
OFF-FA-10001843,15,Traditional,Metro,West
OFF-LA-10003077,16,Digi-Smart,Urban,West
OFF-PA-10003424,8,Digi-Smart,Urban,Central
OFF-PA-10004405,7,Digi-Smart,Urban,East
FUR-BO-10003965,16,Traditional-upgraded,Metro,West
FUR-FU-10002088,11,Traditional-upgraded,Metro,South
TEC-AC-10000736,12,Traditional,Metro,East
FUR-BO-10003966,5,Traditional,Urban,West
OFF-AP-10000828,14,Traditional-upgraded,Metro,South
OFF-AP-10002906,14,Traditional,Metro,East
OFF-AP-10003860,13,Digi-Smart,Metro,East
FUR-TA-10001307,17,Traditional,Metro,West
OFF-PA-10001457,11,Digi-Smart,Metro,East
OFF-AP-10002082,16,Traditional,Metro,East
TEC-AC-10003590,6,Digi-Smart,Urban,West
OFF-PA-10004355,14,Digi-Smart,Metro,South
OFF-PA-10004947,6,Digi-Smart,Rural,East
FUR-TA-10004607,10,Digi-Smart,Rural,East
OFF-PA-10003893,16,Traditional-upgraded,Metro,East
TEC-PH-10001817,14,Traditional-upgraded,Metro,East
FUR-BO-10000330,9,Traditional,Rural,East
OFF-BI-10001900,11,Digi-Smart,Urban,Central
FUR-BO-10003159,9,Digi-Smart,Urban,East
FUR-FU-10001591,7,Traditional,Urban,West
OFF-LA-10002034,6,Digi-Smart,Urban,East
OFF-BI-10001628,13,Traditional-upgraded,Metro,West
OFF-ST-10000877,17,Traditional-upgraded,Metro,Central
OFF-AR-10004752,12,Digi-Smart,Urban,Central
OFF-PA-10000675,13,Traditional,Rural,East
OFF-PA-10001609,5,Digi-Smart,Rural,East
TEC-PH-10001615,12,Digi-Smart,Metro,Central
TEC-AC-10004568,7,Traditional,Rural,East
FUR-CH-10001854,13,Digi-Smart,Metro,Central
OFF-AR-10000475,16,Traditional-upgraded,Urban,East
TEC-PH-10000455,12,Digi-Smart,Urban,East
OFF-PA-10001994,14,Traditional,Urban,East
TEC-AC-10002926,5,Traditional,Rural,South
TEC-PH-10004897,13,Digi-Smart,Urban,East
FUR-FU-10001196,8,Digi-Smart,Urban,East
OFF-PA-10000595,11,Traditional,Urban,West
OFF-LA-10000443,13,Traditional-upgraded,Metro,West
OFF-LA-10001771,14,Traditional,Metro,East
OFF-AP-10001394,16,Digi-Smart,Metro,Central
FUR-FU-10002553,16,Digi-Smart,Urban,South
OFF-AP-10004233,8,Traditional-upgraded,Urban,West
FUR-CH-10004754,9,Traditional-upgraded,Urban,West
OFF-PA-10000809,8,Digi-Smart,Rural,West
FUR-FU-10002878,12,Traditional,Rural,South
TEC-PH-10002624,15,Traditional,Metro,East
TEC-PH-10002885,5,Digi-Smart,Rural,South
TEC-PH-10000895,14,Traditional,Urban,West
TEC-MA-10000488,16,Traditional-upgraded,Urban,Central
OFF-PA-10003729,16,Digi-Smart,Metro,Central
OFF-AP-10001005,8,Digi-Smart,Rural,South
FUR-CH-10000988,12,Traditional-upgraded,Urban,South
FUR-FU-10001986,11,Traditional,Rural,South
FUR-FU-10004973,14,Traditional,Rural,West
OFF-ST-10000464,8,Traditional,Rural,West
OFF-PA-10000528,13,Traditional-upgraded,Rural,West
OFF-PA-10003129,6,Digi-Smart,Urban,West
OFF-AR-10003631,15,Traditional,Urban,East
OFF-BI-10002133,12,Traditional,Urban,West
TEC-PH-10004959,14,Traditional,Urban,East
FUR-BO-10001918,8,Traditional,Urban,East
FUR-FU-10001617,5,Traditional,Rural,West
TEC-PH-10002824,6,Digi-Smart,Rural,South
OFF-PA-10003309,14,Digi-Smart,Urban,Central
OFF-ST-10002554,14,Traditional-upgraded,Metro,East
OFF-AR-10002067,7,Traditional,Urban,Central
FUR-TA-10004175,10,Traditional-upgraded,Urban,East
FUR-TA-10004767,15,Digi-Smart,Metro,East
OFF-EN-10002621,10,Traditional,Metro,East
OFF-LA-10003714,14,Digi-Smart,Metro,East
FUR-FU-10001889,15,Digi-Smart,Metro,West
OFF-AR-10003723,13,Digi-Smart,Metro,Central
OFF-PA-10000241,17,Traditional,Metro,West
OFF-AR-10001446,15,Traditional,Metro,West
OFF-BI-10001359,12,Traditional,Urban,East
OFF-EN-10001749,17,Traditional-upgraded,Metro,West
OFF-BI-10004390,11,Traditional-upgraded,Rural,Central
TEC-PH-10004924,10,Traditional,Metro,West
FUR-CH-10000155,7,Digi-Smart,Urban,Central
OFF-BI-10001757,16,Traditional,Metro,West
FUR-FU-10004093,11,Digi-Smart,Metro,East
FUR-FU-10001037,10,Traditional,Urban,South
OFF-PA-10001878,17,Traditional-upgraded,Urban,West
TEC-MA-10003674,13,Digi-Smart,Urban,West
OFF-LA-10003190,11,Traditional,Rural,West
TEC-PH-10001809,8,Digi-Smart,Rural,South
OFF-BI-10003091,11,Traditional,Metro,Central
FUR-CH-10003981,8,Traditional,Urban,Central
OFF-ST-10002562,9,Traditional-upgraded,Rural,Central
TEC-PH-10004345,7,Traditional,Rural,West
TEC-PH-10001198,8,Traditional,Urban,East
OFF-PA-10001972,8,Digi-Smart,Rural,Central
TEC-PH-10002483,7,Traditional,Urban,West
FUR-BO-10000468,7,Traditional,Rural,Central
TEC-AC-10001284,17,Traditional-upgraded,Metro,West
OFF-BI-10002082,10,Traditional,Urban,West
OFF-ST-10001505,15,Traditional-upgraded,Metro,South
OFF-AR-10004582,14,Digi-Smart,Metro,East
TEC-AC-10002842,12,Traditional,Rural,East
OFF-AP-10004785,12,Digi-Smart,Urban,West
TEC-AC-10002217,15,Digi-Smart,Urban,East
OFF-BI-10002954,8,Traditional,Rural,East
OFF-AP-10003281,12,Traditional,Metro,West
OFF-SU-10000898,7,Traditional,Rural,South
OFF-BI-10001249,10,Traditional,Metro,West
TEC-AC-10002718,13,Traditional-upgraded,Metro,East
TEC-PH-10002352,17,Digi-Smart,Metro,South
FUR-CH-10003774,5,Digi-Smart,Urban,South
OFF-AR-10000127,12,Digi-Smart,Urban,Central
TEC-PH-10003811,16,Digi-Smart,Metro,West
OFF-BI-10002393,6,Traditional,Rural,South
FUR-TA-10002855,16,Traditional,Urban,Central
OFF-EN-10000781,12,Digi-Smart,Rural,East
OFF-PA-10002160,9,Traditional,Urban,East
OFF-AR-10002257,10,Digi-Smart,Metro,West
OFF-FA-10004395,15,Traditional-upgraded,Urban,West
OFF-AP-10002534,8,Traditional,Rural,Central
FUR-BO-10003034,17,Traditional,Urban,South
OFF-ST-10000943,10,Digi-Smart,Urban,South
OFF-PA-10000533,10,Traditional,Rural,West
OFF-ST-10001172,9,Digi-Smart,Rural,South
OFF-PA-10001661,13,Digi-Smart,Urban,East
OFF-BI-10004817,16,Traditional,Metro,South
FUR-CH-10003833,8,Traditional,Rural,South
FUR-FU-10003142,6,Traditional,Rural,East
TEC-AC-10001114,5,Traditional,Urban,East
OFF-FA-10002975,5,Traditional,Rural,West
OFF-ST-10003996,17,Traditional,Urban,West
OFF-BI-10002571,17,Digi-Smart,Metro,East
OFF-PA-10000477,10,Digi-Smart,Urban,Central
OFF-BI-10004209,6,Digi-Smart,Rural,East
TEC-AC-10002800,13,Traditional,Metro,West
FUR-TA-10003954,10,Traditional,Metro,East
TEC-AC-10003289,11,Traditional-upgraded,Metro,South
TEC-PH-10002468,7,Traditional,Urban,Central
OFF-PA-10001295,9,Digi-Smart,Urban,South
OFF-LA-10000248,10,Traditional,Urban,Central
OFF-FA-10004076,7,Traditional,Rural,West
OFF-LA-10004008,17,Traditional,Urban,East
OFF-AR-10001177,15,Traditional,Urban,West
OFF-BI-10001718,11,Digi-Smart,Urban,West
OFF-AR-10004602,11,Traditional-upgraded,Urban,East
OFF-ST-10000078,15,Traditional-upgraded,Urban,Central
OFF-AR-10004272,14,Digi-Smart,Urban,South
TEC-PH-10001578,9,Traditional-upgraded,Metro,South
OFF-ST-10003638,15,Digi-Smart,Metro,South
FUR-BO-10002213,17,Digi-Smart,Metro,West
OFF-EN-10003040,7,Traditional-upgraded,Rural,East
TEC-PH-10000923,13,Traditional,Metro,West
FUR-FU-10003623,10,Digi-Smart,Metro,Central
OFF-AP-10000124,14,Traditional,Metro,West
OFF-AR-10004511,13,Digi-Smart,Urban,West
OFF-PA-10003883,17,Digi-Smart,Metro,East
TEC-PH-10002807,6,Digi-Smart,Urban,West
FUR-FU-10002364,5,Traditional,Rural,South
OFF-SU-10001664,16,Traditional,Urban,West
FUR-TA-10003238,11,Traditional-upgraded,Urban,West
TEC-PH-10001536,17,Traditional,Metro,South
OFF-AR-10004956,13,Digi-Smart,Urban,South
OFF-AR-10003696,11,Traditional,Urban,Central
OFF-PA-10000551,10,Traditional,Rural,East
OFF-BI-10004506,13,Traditional,Metro,East
OFF-PA-10000740,12,Traditional-upgraded,Metro,West
FUR-CH-10002084,5,Traditional-upgraded,Rural,East
OFF-AP-10000692,11,Digi-Smart,Urban,South
OFF-AP-10000252,6,Traditional,Urban,East
FUR-FU-10004748,7,Traditional-upgraded,Urban,West
OFF-AR-10000538,8,Traditional-upgraded,Urban,East
TEC-PH-10001079,11,Digi-Smart,Metro,East
OFF-AP-10003842,15,Traditional,Urban,West
FUR-CH-10000553,16,Traditional,Urban,Central
OFF-AR-10003469,17,Traditional,Metro,West
OFF-PA-10003790,14,Traditional-upgraded,Rural,East
FUR-BO-10002202,9,Digi-Smart,Metro,East
OFF-AP-10002765,6,Traditional-upgraded,Urban,West
OFF-ST-10003692,7,Digi-Smart,Urban,Central
TEC-PH-10001051,11,Traditional,Urban,West
OFF-AR-10000817,17,Traditional,Metro,West
OFF-SU-10000952,6,Traditional-upgraded,Rural,East
FUR-FU-10004597,15,Traditional,Metro,East
OFF-BI-10002982,10,Traditional,Rural,West
OFF-PA-10004285,13,Digi-Smart,Urban,West
OFF-AP-10001391,13,Digi-Smart,Urban,South
TEC-PH-10001944,6,Digi-Smart,Rural,East
OFF-PA-10001776,10,Traditional-upgraded,Urban,East
TEC-AC-10004145,7,Digi-Smart,Rural,West
OFF-PA-10003919,9,Digi-Smart,Urban,East
OFF-PA-10002001,6,Digi-Smart,Rural,East
OFF-PA-10002787,9,Digi-Smart,Metro,Central
OFF-ST-10003123,15,Digi-Smart,Urban,Central
FUR-FU-10000308,17,Traditional,Metro,Central
TEC-CO-10003763,7,Traditional-upgraded,Rural,South
FUR-TA-10001866,5,Traditional,Rural,Central
OFF-AP-10002222,6,Traditional,Urban,West
OFF-PA-10003971,15,Digi-Smart,Metro,Central
OFF-AP-10004036,12,Traditional,Rural,West
OFF-AP-10002287,10,Digi-Smart,Urban,West
FUR-TA-10001950,13,Traditional,Urban,West
TEC-PH-10001527,5,Traditional-upgraded,Rural,South
TEC-AC-10003095,5,Digi-Smart,Rural,West
TEC-AC-10000358,6,Digi-Smart,Urban,East
OFF-EN-10004147,9,Traditional,Urban,Central
FUR-FU-10001468,9,Traditional,Rural,West
OFF-PA-10000380,10,Traditional,Urban,West
OFF-AP-10000026,7,Digi-Smart,Rural,West
OFF-PA-10003936,9,Traditional-upgraded,Rural,West
FUR-FU-10002501,9,Digi-Smart,Rural,Central
OFF-AP-10001205,5,Traditional,Rural,West
OFF-BI-10004141,15,Traditional-upgraded,Urban,South
OFF-BI-10000632,17,Traditional,Metro,West
TEC-AC-10004864,13,Traditional,Urban,West
TEC-MA-10000597,9,Traditional,Urban,Central
OFF-PA-10002960,5,Digi-Smart,Urban,East
OFF-PA-10000919,13,Traditional,Metro,West
OFF-BI-10001553,7,Digi-Smart,Rural,West
OFF-AP-10004540,11,Digi-Smart,Urban,East
FUR-CH-10001714,7,Digi-Smart,Rural,West
FUR-FU-10002298,17,Digi-Smart,Urban,Central
OFF-AR-10000315,12,Traditional,Metro,West
OFF-FA-10000936,15,Digi-Smart,Metro,Central
OFF-SU-10004768,7,Digi-Smart,Urban,South
OFF-PA-10002581,6,Digi-Smart,Rural,South
OFF-AP-10002403,14,Traditional,Urban,Central
OFF-AR-10003087,5,Digi-Smart,Urban,Central
TEC-PH-10000141,8,Digi-Smart,Urban,Central
TEC-CO-10000971,11,Traditional,Urban,Central
OFF-FA-10001229,5,Digi-Smart,Rural,Central
OFF-BI-10002437,14,Traditional,Urban,Central
OFF-PA-10004255,11,Traditional,Rural,East
OFF-PA-10001184,10,Digi-Smart,Rural,Central
TEC-AC-10002637,12,Traditional,Urban,South
FUR-BO-10000780,14,Traditional,Urban,South
TEC-PH-10003072,15,Traditional-upgraded,Metro,South
TEC-MA-10000112,5,Traditional-upgraded,Rural,South
TEC-AC-10004171,5,Traditional,Urban,West
FUR-TA-10002645,16,Traditional,Metro,West
OFF-BI-10003784,16,Traditional,Metro,West
OFF-BI-10001617,14,Digi-Smart,Metro,West
FUR-CH-10002439,16,Digi-Smart,Metro,Central
OFF-AP-10003057,17,Digi-Smart,Metro,South
FUR-TA-10000849,10,Traditional,Metro,Central
OFF-EN-10002973,12,Traditional,Rural,Central
OFF-BI-10003963,9,Digi-Smart,Urban,East
OFF-LA-10000081,16,Traditional-upgraded,Metro,South
OFF-PA-10000726,14,Digi-Smart,Urban,East
OFF-PA-10004983,9,Traditional,Rural,Central
FUR-FU-10002107,8,Digi-Smart,Rural,West
FUR-CH-10001190,7,Digi-Smart,Rural,East
TEC-AC-10000682,15,Traditional,Metro,Central
OFF-LA-10004545,8,Traditional-upgraded,Rural,East
OFF-SU-10002557,5,Traditional,Rural,Central
TEC-PH-10000912,11,Traditional,Rural,West
OFF-ST-10001837,7,Digi-Smart,Urban,Central
OFF-AR-10001473,10,Digi-Smart,Urban,South
TEC-PH-10001835,6,Traditional,Rural,East
OFF-PA-10002245,6,Digi-Smart,Rural,Central
OFF-EN-10004483,14,Traditional,Metro,East
OFF-SU-10000151,7,Traditional,Urban,East
OFF-AP-10001293,8,Digi-Smart,Rural,West
TEC-PH-10000675,14,Traditional,Urban,West
OFF-ST-10003470,15,Traditional,Metro,East
OFF-LA-10004559,11,Traditional,Metro,East
OFF-AP-10002651,12,Traditional,Metro,West
TEC-AC-10002550,12,Traditional,Urban,South
OFF-BI-10000829,6,Traditional,Rural,West
TEC-PH-10002555,17,Traditional,Metro,East
FUR-BO-10003450,6,Digi-Smart,Rural,East
FUR-FU-10004665,15,Traditional,Urban,East
TEC-PH-10000369,10,Traditional,Rural,Central
TEC-AC-10001590,11,Traditional-upgraded,Rural,Central
FUR-FU-10004909,5,Digi-Smart,Urban,Central
FUR-BO-10004357,7,Digi-Smart,Urban,West
TEC-AC-10000387,9,Digi-Smart,Rural,East
OFF-BI-10001308,17,Digi-Smart,Metro,West
OFF-AP-10002734,16,Traditional,Metro,West
FUR-FU-10004587,11,Traditional-upgraded,Urban,South
TEC-PH-10004833,8,Traditional-upgraded,Rural,Central
FUR-FU-10001847,9,Digi-Smart,Rural,East
FUR-FU-10002045,8,Traditional,Urban,South
FUR-FU-10004671,10,Digi-Smart,Metro,West
FUR-TA-10003569,13,Digi-Smart,Metro,East
OFF-PA-10001752,11,Traditional,Rural,West
TEC-MA-10003356,10,Traditional-upgraded,Urban,Central
OFF-AR-10003727,6,Digi-Smart,Rural,West
TEC-AC-10001635,13,Traditional,Metro,West
OFF-LA-10003663,7,Traditional,Rural,West
TEC-CO-10004722,12,Traditional,Urban,West
TEC-MA-10002210,8,Traditional,Urban,East
OFF-BI-10003196,17,Digi-Smart,Metro,South
FUR-CH-10002017,6,Digi-Smart,Urban,South
FUR-FU-10003829,12,Traditional-upgraded,Urban,West
OFF-PA-10000697,5,Traditional,Urban,West
OFF-AR-10004691,9,Traditional-upgraded,Rural,South
OFF-BI-10000948,7,Traditional-upgraded,Rural,West
OFF-PA-10000223,13,Digi-Smart,Metro,East
OFF-PA-10000062,5,Digi-Smart,Urban,West
FUR-BO-10003404,8,Digi-Smart,Urban,Central
OFF-BI-10004233,5,Digi-Smart,Urban,East
TEC-PH-10002834,6,Traditional,Rural,West
FUR-CH-10003761,14,Digi-Smart,Metro,South
OFF-PA-10004665,9,Traditional-upgraded,Rural,West
OFF-BI-10001196,9,Digi-Smart,Metro,West
TEC-MA-10002981,14,Traditional,Metro,East
TEC-PH-10003601,16,Traditional-upgraded,Urban,West
OFF-BI-10002003,14,Traditional-upgraded,Metro,West
OFF-PA-10003016,11,Digi-Smart,Rural,West
OFF-PA-10002246,7,Traditional,Rural,Central
TEC-PH-10002890,5,Traditional,Rural,East
TEC-MA-10003626,8,Traditional-upgraded,Rural,West
TEC-MA-10002412,5,Traditional,Rural,West
OFF-AR-10003183,12,Traditional,Rural,South
OFF-PA-10002319,8,Traditional-upgraded,Urban,West
OFF-PA-10001246,7,Traditional-upgraded,Rural,East
OFF-PA-10001815,6,Digi-Smart,Rural,East
FUR-FU-10001876,6,Digi-Smart,Rural,Central
TEC-PH-10000673,10,Traditional-upgraded,Metro,Central
TEC-PH-10002075,16,Traditional,Metro,West
TEC-PH-10003691,14,Digi-Smart,Urban,South
OFF-SU-10000157,15,Digi-Smart,Metro,Central
TEC-AC-10004227,15,Digi-Smart,Urban,West
TEC-AC-10004127,8,Traditional-upgraded,Rural,West
FUR-CH-10002758,10,Digi-Smart,Rural,East
OFF-ST-10000532,9,Traditional,Metro,South
TEC-AC-10003709,12,Traditional,Rural,Central
OFF-BI-10003166,11,Digi-Smart,Metro,East
OFF-ST-10004835,14,Traditional,Metro,South
OFF-AP-10000159,11,Traditional,Rural,West
OFF-AP-10001242,15,Traditional,Urban,West
TEC-AC-10003433,13,Traditional,Urban,Central
TEC-PH-10003187,14,Traditional,Metro,East
OFF-FA-10002763,16,Digi-Smart,Metro,West
OFF-PA-10004239,16,Traditional-upgraded,Metro,West
OFF-PA-10004782,6,Traditional,Rural,East
FUR-FU-10001185,5,Traditional,Rural,Central
OFF-PA-10003270,10,Traditional,Urban,Central
OFF-PA-10002421,9,Traditional,Rural,West
OFF-PA-10002923,12,Traditional-upgraded,Rural,East
OFF-ST-10001128,15,Traditional,Urban,West
OFF-PA-10000520,15,Traditional,Urban,West
FUR-FU-10003832,15,Digi-Smart,Metro,East
FUR-FU-10000409,16,Traditional,Urban,South
TEC-PH-10004389,6,Digi-Smart,Rural,West
OFF-SU-10000946,17,Traditional,Metro,West
FUR-FU-10001546,5,Traditional,Rural,West
OFF-PA-10000791,9,Digi-Smart,Metro,South
OFF-PA-10003739,16,Traditional,Urban,West
FUR-FU-10000771,9,Traditional-upgraded,Urban,South
OFF-ST-10002615,12,Digi-Smart,Metro,West
OFF-PA-10000327,13,Traditional-upgraded,Urban,Central
OFF-EN-10003286,8,Traditional,Urban,West
OFF-AR-10003772,17,Traditional,Urban,West
OFF-AR-10003338,12,Traditional,Rural,East
FUR-FU-10002116,16,Traditional-upgraded,Urban,West
FUR-CH-10000422,16,Digi-Smart,Metro,South
FUR-FU-10002685,6,Digi-Smart,Rural,Central
FUR-FU-10004963,6,Traditional-upgraded,Rural,South
OFF-BI-10000174,13,Traditional-upgraded,Metro,Central
FUR-CH-10004875,11,Traditional,Metro,South
FUR-FU-10000305,9,Traditional-upgraded,Urban,West
TEC-PH-10001459,11,Traditional,Metro,South
FUR-FU-10002445,11,Traditional,Metro,South
OFF-PA-10000213,13,Digi-Smart,Metro,West
FUR-CH-10001797,14,Traditional,Metro,East
OFF-PA-10003848,15,Traditional,Metro,West
FUR-FU-10000755,14,Traditional-upgraded,Metro,East
FUR-FU-10000550,15,Digi-Smart,Metro,South
TEC-MA-10004521,16,Traditional,Metro,East
OFF-BI-10003655,17,Digi-Smart,Urban,West
OFF-AP-10003779,16,Traditional,Metro,Central
OFF-FA-10002701,10,Digi-Smart,Urban,Central
OFF-BI-10002799,12,Traditional-upgraded,Rural,South
OFF-AR-10003582,5,Traditional,Urban,Central
FUR-FU-10004666,16,Traditional-upgraded,Urban,Central
OFF-EN-10002312,8,Traditional-upgraded,Rural,West
FUR-CH-10002320,7,Traditional,Rural,West
OFF-AR-10001216,11,Traditional,Rural,East
FUR-FU-10003247,7,Traditional,Rural,East
FUR-TA-10003837,12,Traditional,Metro,East
TEC-PH-10002350,5,Digi-Smart,Rural,East
TEC-AC-10000397,7,Traditional,Rural,West
TEC-AC-10004001,10,Digi-Smart,Urban,West
OFF-PA-10001534,14,Traditional-upgraded,Metro,Central
FUR-FU-10002379,14,Traditional,Urban,Central
TEC-PH-10000526,10,Traditional,Urban,East
OFF-PA-10001977,6,Digi-Smart,Rural,East
FUR-BO-10003660,6,Traditional,Urban,Central
OFF-BI-10001267,11,Digi-Smart,Urban,Central
OFF-PA-10002741,10,Digi-Smart,Urban,East
OFF-PA-10001471,17,Traditional,Metro,Central
TEC-MA-10001972,14,Traditional-upgraded,Urban,Central
FUR-FU-10003464,13,Traditional,Metro,South
OFF-PA-10004438,15,Digi-Smart,Urban,South
FUR-FU-10004586,12,Digi-Smart,Urban,West
TEC-PH-10004908,14,Digi-Smart,Metro,West
FUR-CH-10004495,6,Traditional-upgraded,Urban,Central
TEC-MA-10000418,10,Digi-Smart,Urban,South
OFF-BI-10004600,16,Digi-Smart,Metro,East
OFF-BI-10004040,13,Traditional,Metro,East
OFF-AR-10001615,8,Traditional-upgraded,Rural,South
TEC-PH-10001299,14,Traditional,Rural,South
OFF-AR-10004260,15,Traditional,Metro,Central
OFF-EN-10004773,11,Traditional-upgraded,Urban,Central
OFF-BI-10001787,15,Traditional-upgraded,Urban,South
OFF-ST-10002957,17,Digi-Smart,Metro,Central
OFF-FA-10001883,10,Digi-Smart,Metro,East
TEC-PH-10001644,16,Digi-Smart,Metro,Central
OFF-LA-10000407,9,Traditional-upgraded,Rural,West
TEC-AC-10000420,12,Traditional,Metro,East
OFF-EN-10004846,8,Traditional,Urban,East
OFF-SU-10003567,11,Digi-Smart,Urban,East
OFF-ST-10002301,5,Traditional-upgraded,Rural,West
TEC-PH-10003095,5,Traditional,Rural,South
TEC-PH-10004912,13,Traditional,Metro,East
OFF-AR-10000799,9,Traditional,Rural,South
OFF-PA-10004609,10,Digi-Smart,Urban,East
TEC-PH-10003171,14,Traditional,Urban,West
OFF-AP-10000595,12,Traditional,Rural,East
TEC-AC-10003399,14,Traditional,Metro,East
TEC-MA-10002428,13,Traditional-upgraded,Metro,West
TEC-PH-10001128,13,Traditional,Metro,South
OFF-PA-10001033,11,Traditional,Rural,Central
TEC-AC-10000474,13,Traditional,Metro,South
FUR-FU-10002963,13,Digi-Smart,Urban,East
FUR-FU-10000193,9,Traditional-upgraded,Rural,Central
OFF-BI-10000962,11,Traditional,Rural,East
OFF-AP-10002867,6,Traditional,Urban,West
FUR-BO-10002916,16,Traditional,Metro,West
FUR-TA-10004152,9,Digi-Smart,Urban,East
FUR-FU-10000672,16,Traditional,Metro,Central
FUR-BO-10002598,11,Traditional-upgraded,Rural,Central
OFF-PA-10004610,13,Digi-Smart,Metro,Central
FUR-FU-10000320,10,Traditional,Urban,East
FUR-CH-10003535,10,Traditional-upgraded,Urban,South
FUR-FU-10003919,9,Traditional,Urban,South
OFF-PA-10000174,10,Digi-Smart,Metro,West
FUR-FU-10002703,11,Traditional,Urban,West
TEC-PH-10002415,11,Digi-Smart,Rural,West
OFF-AR-10000657,9,Traditional,Rural,Central
OFF-PA-10004996,7,Traditional,Urban,West
OFF-PA-10003363,15,Traditional,Metro,East
TEC-AC-10002305,11,Traditional,Metro,Central
TEC-AC-10000990,16,Digi-Smart,Urban,South
FUR-BO-10001608,15,Digi-Smart,Metro,West
FUR-BO-10000112,14,Traditional,Urban,East
TEC-PH-10004120,5,Traditional-upgraded,Rural,East
OFF-BI-10003476,17,Traditional,Urban,West
TEC-MA-10002859,8,Digi-Smart,Urban,West
OFF-AP-10001947,11,Digi-Smart,Rural,East
OFF-LA-10001982,13,Digi-Smart,Rural,West
TEC-PH-10003484,6,Traditional,Rural,South
OFF-PA-10000007,8,Traditional,Urban,Central
OFF-PA-10000552,5,Digi-Smart,Rural,Central
OFF-AR-10004062,17,Digi-Smart,Metro,West
OFF-ST-10000321,5,Digi-Smart,Urban,West
TEC-AC-10002134,6,Traditional,Rural,East
TEC-PH-10004071,16,Traditional,Metro,East
OFF-PA-10004039,8,Traditional-upgraded,Rural,Central
OFF-AR-10001725,12,Traditional,Urban,East
OFF-AR-10004269,9,Digi-Smart,Rural,South
OFF-BI-10003007,8,Traditional-upgraded,Rural,South
OFF-SU-10002522,7,Digi-Smart,Rural,South
TEC-AC-10004859,10,Digi-Smart,Urban,West
TEC-AC-10002558,14,Traditional,Urban,East
FUR-FU-10001731,8,Digi-Smart,Rural,Central
OFF-SU-10004782,6,Traditional,Urban,South
OFF-SU-10000432,9,Digi-Smart,Rural,West
OFF-LA-10004409,16,Digi-Smart,Metro,East
OFF-ST-10001031,16,Traditional,Metro,South
OFF-LA-10000476,16,Digi-Smart,Metro,Central
OFF-AR-10002987,8,Traditional,Rural,West
TEC-CO-10001571,14,Digi-Smart,Metro,East
FUR-FU-10003026,10,Traditional-upgraded,Rural,West
OFF-ST-10001034,12,Traditional,Urban,South
TEC-AC-10000521,10,Traditional-upgraded,Urban,Central
OFF-SU-10003002,5,Traditional-upgraded,Rural,South
TEC-PH-10000730,17,Digi-Smart,Urban,South
FUR-CH-10004983,6,Traditional-upgraded,Rural,Central
OFF-FA-10001332,14,Traditional-upgraded,Metro,West
TEC-AC-10001874,11,Digi-Smart,Rural,East
OFF-BI-10000494,11,Traditional-upgraded,Urban,East
FUR-TA-10003469,6,Digi-Smart,Rural,Central
OFF-AR-10003179,10,Traditional,Rural,Central
FUR-CH-10003606,16,Traditional-upgraded,Metro,East
FUR-CH-10003298,10,Digi-Smart,Rural,East
OFF-LA-10003537,8,Traditional,Rural,South
OFF-PA-10000069,10,Traditional,Urban,West
OFF-PA-10004733,8,Digi-Smart,Rural,South
TEC-AC-10004814,12,Traditional,Metro,West
OFF-SU-10002301,11,Digi-Smart,Rural,South
OFF-BI-10004318,12,Digi-Smart,Rural,West
FUR-FU-10004164,6,Digi-Smart,Rural,Central
TEC-AC-10001539,11,Traditional-upgraded,Urban,Central
TEC-PH-10002789,10,Traditional,Urban,West
OFF-BI-10004828,17,Traditional-upgraded,Urban,West
OFF-AR-10001770,6,Traditional,Urban,Central
FUR-FU-10004904,6,Traditional-upgraded,Rural,East
FUR-FU-10002396,15,Traditional,Metro,West
TEC-AC-10002331,17,Traditional,Metro,West
TEC-AC-10001090,14,Digi-Smart,Metro,East
FUR-BO-10004218,11,Digi-Smart,Rural,Central
TEC-PH-10001619,10,Traditional,Rural,Central
OFF-PA-10000246,16,Traditional,Urban,Central
OFF-PA-10001461,10,Traditional,Rural,Central
OFF-AR-10004165,15,Traditional,Metro,West
OFF-EN-10001028,13,Traditional,Metro,South
TEC-PH-10003535,16,Traditional-upgraded,Metro,Central
FUR-FU-10001085,15,Digi-Smart,Urban,Central
OFF-AR-10003481,17,Digi-Smart,Urban,East
OFF-PA-10002606,8,Traditional-upgraded,Rural,Central
FUR-FU-10003731,7,Traditional,Rural,East
OFF-AP-10001962,15,Digi-Smart,Urban,East
FUR-FU-10003798,12,Traditional,Rural,West
OFF-AR-10002704,10,Digi-Smart,Rural,Central
TEC-AC-10002942,15,Traditional,Metro,West
TEC-MA-10001016,6,Traditional-upgraded,Urban,South
TEC-AC-10001553,15,Traditional,Urban,East
FUR-FU-10001215,6,Digi-Smart,Rural,South
OFF-PA-10002499,14,Traditional,Metro,Central
TEC-PH-10003215,13,Traditional-upgraded,Metro,South
OFF-LA-10002945,14,Traditional,Urban,West
OFF-AR-10002766,5,Digi-Smart,Rural,South
TEC-PH-10004434,16,Digi-Smart,Metro,Central
FUR-BO-10000711,17,Traditional,Urban,Central
OFF-BI-10001120,6,Traditional-upgraded,Rural,Central
OFF-AP-10004655,13,Traditional,Urban,West
FUR-BO-10004360,13,Digi-Smart,Metro,Central
TEC-AC-10000199,5,Digi-Smart,Rural,West
TEC-MA-10001127,12,Traditional,Urban,East
OFF-AR-10001227,14,Traditional,Urban,West
FUR-CH-10000229,17,Digi-Smart,Metro,Central
FUR-BO-10002853,16,Traditional,Metro,Central
OFF-PA-10004022,9,Digi-Smart,Metro,Central
OFF-PA-10004248,11,Traditional,Rural,West
OFF-PA-10001363,7,Digi-Smart,Rural,South
OFF-BI-10003876,8,Traditional-upgraded,Rural,Central
OFF-EN-10004007,11,Digi-Smart,Metro,East
FUR-BO-10003894,9,Digi-Smart,Rural,Central
TEC-MA-10001570,6,Traditional,Rural,East
FUR-FU-10003930,5,Digi-Smart,Rural,West
OFF-PA-10000232,11,Traditional,Metro,South
OFF-AR-10001972,10,Traditional,Rural,East
OFF-AR-10004587,11,Traditional-upgraded,Metro,Central
OFF-AP-10001366,10,Traditional,Rural,Central
OFF-BI-10000216,13,Digi-Smart,Urban,West
TEC-MA-10001047,5,Digi-Smart,Rural,West
OFF-LA-10003720,7,Digi-Smart,Rural,East
TEC-MA-10003246,12,Traditional,Rural,West
FUR-FU-10000175,12,Digi-Smart,Rural,East
OFF-PA-10000556,5,Traditional-upgraded,Rural,West
TEC-AC-10003237,17,Digi-Smart,Metro,Central
OFF-EN-10003068,7,Traditional,Urban,West
FUR-FU-10004053,16,Traditional,Metro,East
OFF-PA-10000565,8,Digi-Smart,Rural,Central
OFF-LA-10000414,8,Traditional,Rural,West
OFF-AP-10002998,7,Traditional-upgraded,Urban,West
FUR-BO-10004690,5,Digi-Smart,Rural,West
OFF-AR-10002445,12,Traditional-upgraded,Urban,West
FUR-BO-10003546,8,Digi-Smart,Urban,Central
FUR-TA-10003392,14,Traditional-upgraded,Urban,West
OFF-AR-10003217,15,Digi-Smart,Urban,East
OFF-ST-10001932,12,Traditional,Urban,West
OFF-AR-10001761,9,Traditional,Urban,West
OFF-EN-10003567,7,Traditional,Urban,Central
OFF-PA-10003022,11,Digi-Smart,Urban,West
FUR-TA-10004442,15,Digi-Smart,Metro,Central
OFF-ST-10000129,10,Traditional,Rural,Central
OFF-PA-10004948,8,Traditional,Urban,East
OFF-PA-10001725,10,Traditional-upgraded,Urban,Central
TEC-PH-10000213,15,Traditional,Urban,South
OFF-PA-10000807,6,Digi-Smart,Rural,East
OFF-ST-10003805,10,Traditional,Metro,West
OFF-PA-10004353,17,Traditional-upgraded,Urban,Central
OFF-EN-10004206,10,Traditional-upgraded,Urban,East
OFF-LA-10003388,11,Traditional,Rural,West
TEC-PH-10000193,9,Traditional-upgraded,Urban,East
FUR-FU-10002111,7,Traditional,Rural,East
OFF-ST-10000885,7,Traditional-upgraded,Urban,East
OFF-PA-10002709,11,Traditional,Urban,East
FUR-FU-10003424,8,Traditional,Rural,West
OFF-BI-10003718,7,Digi-Smart,Urban,Central
FUR-FU-10002508,5,Digi-Smart,Urban,South
OFF-AP-10004052,5,Digi-Smart,Rural,West
OFF-PA-10003134,12,Traditional-upgraded,Metro,Central
FUR-FU-10000719,16,Traditional,Metro,Central
FUR-BO-10003893,10,Digi-Smart,Urban,East
TEC-CO-10001943,8,Traditional,Urban,West
FUR-CH-10000749,9,Digi-Smart,Urban,East
OFF-PA-10003228,11,Traditional-upgraded,Rural,Central
TEC-AC-10001542,13,Traditional,Metro,South
TEC-AC-10004877,9,Traditional,Urban,South
TEC-PH-10001305,7,Digi-Smart,Urban,West
OFF-PA-10000483,9,Digi-Smart,Urban,Central
TEC-AC-10000487,5,Traditional,Rural,Central
TEC-AC-10002018,15,Traditional-upgraded,Metro,West
OFF-PA-10004381,14,Traditional,Metro,West
OFF-EN-10001453,13,Traditional,Urban,East
OFF-SU-10001212,9,Traditional,Urban,Central
OFF-BI-10000201,11,Traditional,Urban,East
TEC-AC-10004396,15,Traditional,Metro,Central
OFF-AR-10002467,10,Traditional,Rural,Central
FUR-FU-10002813,7,Digi-Smart,Rural,Central
TEC-MA-10000752,15,Digi-Smart,Metro,West
FUR-FU-10004845,16,Traditional,Metro,South
OFF-FA-10000840,12,Traditional-upgraded,Urban,East
OFF-AR-10001231,14,Traditional-upgraded,Urban,West
TEC-PH-10004875,13,Digi-Smart,Metro,West
FUR-CH-10001802,8,Traditional,Rural,East
TEC-PH-10003356,10,Traditional,Rural,West
OFF-AP-10002670,7,Traditional,Urban,South
OFF-FA-10003485,12,Digi-Smart,Urban,East
OFF-AP-10000390,10,Digi-Smart,Rural,West
OFF-PA-10002764,15,Traditional,Metro,East
OFF-PA-10000143,15,Digi-Smart,Metro,East
TEC-MA-10000045,6,Digi-Smart,Rural,South
OFF-ST-10000136,11,Traditional-upgraded,Urban,West
TEC-PH-10004522,11,Traditional,Metro,East
TEC-PH-10002584,7,Digi-Smart,Rural,South
FUR-CH-10004626,5,Traditional,Rural,East
TEC-PH-10000562,12,Traditional,Metro,East
FUR-FU-10001025,14,Traditional,Metro,West
OFF-LA-10004178,12,Traditional,Metro,West
OFF-PA-10003797,7,Traditional,Rural,South
OFF-EN-10003448,12,Traditional,Urban,East
OFF-AP-10000938,11,Traditional-upgraded,Urban,East
OFF-SU-10004737,8,Traditional-upgraded,Rural,West
FUR-TA-10001691,13,Traditional,Rural,West
TEC-MA-10003173,5,Digi-Smart,Rural,West
OFF-LA-10000305,17,Traditional,Metro,East
TEC-PH-10002583,16,Traditional-upgraded,Urban,East
OFF-AR-10003876,10,Traditional,Metro,East
OFF-PA-10003063,17,Digi-Smart,Metro,South
OFF-PA-10003302,16,Traditional-upgraded,Metro,East
TEC-MA-10000423,5,Traditional,Urban,West
TEC-AC-10004992,17,Traditional-upgraded,Metro,East
OFF-BI-10004099,15,Traditional,Metro,Central
OFF-PA-10001215,7,Digi-Smart,Rural,West
TEC-AC-10003870,15,Traditional-upgraded,Metro,Central
OFF-AP-10000275,15,Traditional-upgraded,Urban,East
FUR-FU-10003192,8,Traditional,Rural,Central
OFF-PA-10000859,12,Traditional,Urban,West
OFF-AR-10000614,7,Digi-Smart,Rural,Central
OFF-FA-10000089,17,Traditional,Metro,South
FUR-TA-10001771,14,Traditional-upgraded,Metro,East
FUR-CH-10002044,10,Traditional-upgraded,Urban,East
FUR-TA-10001086,16,Traditional-upgraded,Urban,East
OFF-PA-10000048,7,Digi-Smart,Rural,West
TEC-MA-10002109,12,Digi-Smart,Metro,Central
OFF-PA-10003036,13,Digi-Smart,Urban,West
TEC-PH-10001870,5,Traditional,Urban,East
OFF-ST-10002182,8,Digi-Smart,Rural,Central
TEC-PH-10001468,5,Traditional-upgraded,Urban,South
OFF-AR-10004010,6,Digi-Smart,Rural,East
OFF-ST-10003572,5,Traditional-upgraded,Rural,West
OFF-ST-10003994,8,Traditional-upgraded,Urban,West
FUR-CH-10001545,7,Traditional,Rural,West
FUR-FU-10004245,15,Traditional,Urban,West
OFF-EN-10002592,13,Traditional,Metro,East
OFF-AR-10000914,16,Traditional,Metro,South
OFF-LA-10003498,13,Traditional-upgraded,Rural,East
TEC-MA-10003329,5,Traditional,Rural,Central
FUR-FU-10000747,11,Traditional,Urban,South
TEC-PH-10004100,9,Traditional-upgraded,Rural,South
OFF-ST-10000636,15,Traditional,Metro,Central
TEC-PH-10003174,8,Traditional-upgraded,Rural,Central
OFF-PA-10001497,10,Traditional,Urban,Central
OFF-PA-10001952,14,Traditional,Metro,East
OFF-SU-10004661,9,Digi-Smart,Urban,East
OFF-PA-10001826,14,Traditional-upgraded,Urban,West
TEC-MA-10001031,10,Digi-Smart,Rural,West
TEC-MA-10003176,15,Traditional,Metro,Central
TEC-AC-10002647,10,Digi-Smart,Rural,East
TEC-PH-10002114,14,Digi-Smart,Urban,West
OFF-PA-10001593,16,Traditional,Metro,East
TEC-AC-10004803,5,Traditional,Rural,East
OFF-PA-10001801,17,Traditional,Metro,West
TEC-PH-10000127,11,Digi-Smart,Rural,East
OFF-AP-10001564,16,Traditional-upgraded,Urban,West
TEC-AC-10004595,10,Traditional-upgraded,Metro,Central
FUR-FU-10002874,7,Digi-Smart,Urban,Central
FUR-FU-10003489,16,Traditional,Urban,East
TEC-MA-10002073,13,Traditional-upgraded,Rural,West
TEC-PH-10004006,8,Traditional-upgraded,Metro,South
OFF-BI-10000279,6,Traditional,Rural,South
OFF-PA-10000300,12,Traditional,Metro,West
OFF-BI-10004308,10,Traditional,Urban,South
TEC-PH-10004080,12,Traditional,Urban,Central
OFF-PA-10001260,13,Traditional,Urban,West
OFF-ST-10004946,5,Traditional-upgraded,Rural,Central
OFF-PA-10002109,11,Traditional,Urban,Central
TEC-MA-10004255,16,Traditional,Metro,East
FUR-FU-10003095,13,Traditional,Metro,South
FUR-FU-10000820,9,Digi-Smart,Urban,East
TEC-MA-10002930,15,Traditional,Metro,West
OFF-PA-10003205,6,Digi-Smart,Rural,West
OFF-LA-10002368,14,Traditional-upgraded,Metro,South
TEC-MA-10003230,15,Traditional-upgraded,Metro,West
OFF-PA-10000295,13,Digi-Smart,Rural,Central
OFF-SU-10004884,9,Digi-Smart,Rural,South
FUR-FU-10002240,11,Traditional-upgraded,Metro,Central
FUR-FU-10001057,8,Digi-Smart,Urban,East
FUR-CH-10002073,7,Traditional,Rural,East
OFF-AP-10003278,17,Digi-Smart,Urban,West
TEC-PH-10002070,17,Traditional-upgraded,Metro,Central
FUR-FU-10000277,7,Digi-Smart,Urban,South
TEC-AC-10004420,13,Traditional-upgraded,Metro,West
TEC-PH-10004094,13,Digi-Smart,Metro,West
TEC-MA-10002790,13,Traditional-upgraded,Urban,South
OFF-AP-10001634,13,Traditional,Metro,West
OFF-PA-10001837,16,Traditional,Urban,West
OFF-AR-10003896,6,Digi-Smart,Rural,West
OFF-BI-10002897,10,Traditional,Urban,East
OFF-PA-10001243,16,Traditional,Metro,West
FUR-FU-10003806,11,Traditional,Urban,West
TEC-MA-10000904,9,Traditional,Rural,Central
OFF-LA-10002473,12,Traditional-upgraded,Metro,West
FUR-FU-10003374,7,Digi-Smart,Urban,West
TEC-MA-10001856,16,Traditional,Metro,South
OFF-ST-10003641,12,Traditional,Metro,West
OFF-AR-10004707,16,Traditional,Metro,Central
TEC-MA-10004086,10,Digi-Smart,Rural,West
TEC-MA-10001695,12,Digi-Smart,Urban,East
FUR-FU-10002506,15,Traditional-upgraded,Metro,East
TEC-AC-10004518,9,Digi-Smart,Metro,South
OFF-AP-10000027,13,Traditional-upgraded,Urban,East
OFF-PA-10002558,7,Digi-Smart,Rural,Central
TEC-AC-10000926,8,Traditional-upgraded,Urban,East
OFF-PA-10001846,10,Digi-Smart,Urban,East
TEC-MA-10003673,9,Traditional,Urban,East
FUR-BO-10001567,12,Traditional,Urban,Central
FUR-FU-10001379,11,Traditional,Metro,Central
TEC-MA-10000984,5,Traditional-upgraded,Urban,East
OFF-AR-10000937,7,Digi-Smart,Rural,West
FUR-FU-10002030,13,Digi-Smart,Metro,West
OFF-FA-10000254,17,Traditional-upgraded,Metro,South
OFF-AP-10004136,17,Traditional-upgraded,Metro,West
TEC-AC-10002370,14,Digi-Smart,Metro,Central
OFF-AR-10003986,8,Traditional,Urban,West
OFF-SU-10004290,16,Traditional,Urban,Central
TEC-MA-10004552,17,Traditional,Metro,Central
OFF-PA-10000312,16,Traditional-upgraded,Metro,West
OFF-PA-10001001,12,Digi-Smart,Metro,East
OFF-PA-10001583,10,Traditional,Rural,East
TEC-MA-10002694,16,Traditional-upgraded,Urban,Central
TEC-MA-10004626,10,Traditional,Urban,East
TEC-PH-10004241,15,Digi-Smart,Metro,Central
OFF-SU-10003936,6,Digi-Smart,Rural,East
TEC-MA-10003337,12,Digi-Smart,Rural,Central
OFF-PA-10000210,10,Digi-Smart,Metro,Central
OFF-AR-10003477,15,Traditional,Metro,East
FUR-CH-10002317,15,Traditional-upgraded,Metro,South
OFF-LA-10004677,5,Traditional,Rural,South
FUR-CH-10002780,15,Traditional-upgraded,Metro,East
OFF-EN-10001535,11,Traditional-upgraded,Urban,South
TEC-MA-10003493,12,Digi-Smart,Urban,West
TEC-AC-10002380,6,Traditional,Rural,East
TEC-PH-10002817,7,Digi-Smart,Rural,West
TEC-MA-10003589,6,Traditional,Rural,South
OFF-AP-10003099,9,Traditional,Metro,East
TEC-PH-10002645,10,Traditional-upgraded,Urban,East
OFF-ST-10001627,7,Traditional,Rural,South
